date,series,open,high,low,prev. close,ltp,close,vwap,52w h,52w l,volume,value,no of trades
2017-11-17,EQ,310.0,369.0,307.0,290.0,343.9,344.6,327.26,369.0,307.0,168836552,"55,252,882,291.15",1177530
2017-11-20,EQ,344.7,358.9,344.0,344.6,355.0,355.35,353.18,369.0,307.0,14650240,"5,174,105,816.05",166263
2017-11-21,EQ,356.4,418.9,352.5,355.35,386.9,385.3,389.24,418.9,307.0,43078194,"16,767,860,013.15",450090
2017-11-22,EQ,388.0,408.0,386.9,385.3,394.0,395.2,397.38,418.9,307.0,15227642,"6,051,230,988.95",166870
2017-11-23,EQ,390.0,392.0,371.1,395.2,375.5,374.85,379.99,418.9,307.0,12300150,"4,673,873,203.85",124472
2017-11-24,EQ,376.05,383.0,366.1,374.85,370.55,370.7,375.17,418.9,307.0,9463228,"3,550,287,611.25",108401
2017-11-27,EQ,371.0,384.5,371.0,370.7,381.0,380.35,378.39,418.9,307.0,3832223,"1,450,072,194.35",48311
2017-11-28,EQ,383.0,386.4,378.1,380.35,382.0,382.2,382.09,418.9,307.0,2409447,"920,616,004.80",30276
2017-11-29,EQ,382.4,384.7,376.1,382.2,379.8,377.8,379.79,418.9,307.0,1657909,"629,660,234.95",25728
2017-11-30,EQ,379.8,379.8,370.8,377.8,372.0,371.5,374.05,418.9,307.0,2536960,"948,956,761.20",62894
2017-12-01,EQ,373.7,379.55,368.0,371.5,373.0,372.75,373.64,418.9,307.0,1904781,"711,693,593.40",22921
2017-12-04,EQ,374.05,374.9,362.0,372.75,363.0,362.8,366.75,418.9,307.0,1323453,"485,382,089.55",28659
2017-12-05,EQ,361.0,365.9,357.15,362.8,362.2,362.35,360.35,418.9,307.0,1806017,"650,794,568.25",52225
2017-12-06,EQ,360.9,371.7,358.55,362.35,370.1,368.35,367.79,418.9,307.0,3331373,"1,225,231,057.15",39389
2017-12-07,EQ,370.05,389.9,370.05,368.35,387.75,388.3,383.11,418.9,307.0,3350792,"1,283,708,042.30",80471
2017-12-08,EQ,390.0,395.8,385.6,388.3,388.0,389.3,391.44,418.9,307.0,2494845,"976,588,804.25",55819
2017-12-11,EQ,387.0,392.25,379.05,389.3,381.25,380.8,383.7,418.9,307.0,1029719,"395,103,106.40",35361
2017-12-12,EQ,380.9,387.0,377.05,380.8,386.3,383.8,382.43,418.9,307.0,2564559,"980,755,803.45",36776
2017-12-13,EQ,386.45,389.25,378.5,383.8,380.0,380.8,384.27,418.9,307.0,747787,"287,351,033.10",35094
2017-12-14,EQ,382.85,386.0,377.0,380.8,384.9,384.3,381.68,418.9,307.0,1261422,"481,465,100.75",44933
2017-12-15,EQ,388.0,390.75,380.1,384.3,381.2,381.4,384.34,418.9,307.0,1698848,"652,933,237.60",39091
2017-12-18,EQ,380.0,383.3,372.25,381.4,376.1,377.45,379.22,418.9,307.0,1399027,"530,542,119.45",52824
2017-12-19,EQ,378.0,380.95,372.25,377.45,375.8,374.9,376.03,418.9,307.0,1641589,"617,284,064.30",48442
2017-12-20,EQ,377.45,377.7,371.5,374.9,377.5,375.15,373.72,418.9,307.0,2251770,"841,525,002.15",60263
2017-12-21,EQ,379.25,381.8,375.0,375.15,375.0,376.05,377.94,418.9,307.0,1448962,"547,620,074.40",48722
2017-12-22,EQ,376.25,380.4,374.2,376.05,374.3,374.55,376.71,418.9,307.0,775946,"292,304,999.35",14266
2017-12-26,EQ,376.0,378.6,373.4,374.55,376.3,376.55,375.17,418.9,307.0,1310649,"491,712,543.80",17828
2017-12-27,EQ,375.1,377.95,373.8,376.55,374.9,374.85,375.19,418.9,307.0,589597,"221,207,994.80",21044
2017-12-28,EQ,375.0,380.0,372.4,374.85,379.0,377.95,376.52,418.9,307.0,912189,"343,453,021.80",27492
2017-12-29,EQ,379.0,390.8,375.65,377.95,384.9,386.0,385.12,418.9,307.0,1611972,"620,795,091.10",24515
2018-01-01,EQ,388.5,399.8,386.55,386.0,390.15,389.65,394.31,418.9,307.0,1445743,"570,074,962.00",17963
2018-01-02,EQ,391.7,398.0,384.35,389.65,396.65,395.5,390.88,418.9,307.0,1219713,"476,766,872.30",32530
2018-01-03,EQ,398.0,398.3,384.1,395.5,385.7,385.65,389.01,418.9,307.0,2275082,"885,023,978.65",63757
2018-01-04,EQ,390.0,401.95,387.25,385.65,399.5,399.0,396.98,418.9,307.0,2974278,"1,180,740,395.55",52148
2018-01-05,EQ,401.0,412.0,398.0,399.0,406.6,407.0,405.41,418.9,307.0,3554479,"1,441,022,971.85",63560
2018-01-08,EQ,410.0,428.3,409.55,407.0,420.0,422.1,422.64,428.3,307.0,3806105,"1,608,611,444.50",79939
2018-01-09,EQ,424.0,447.65,422.65,422.1,435.7,435.5,433.55,447.65,307.0,6183645,"2,680,918,463.55",74643
2018-01-10,EQ,438.0,441.9,427.0,435.5,429.0,429.25,432.67,447.65,307.0,2374166,"1,027,222,984.50",29949
2018-01-11,EQ,424.0,449.8,424.0,429.25,447.6,446.7,441.94,449.8,307.0,2605294,"1,151,387,661.30",48528
2018-01-12,EQ,449.75,458.7,444.3,446.7,454.2,455.95,453.21,458.7,307.0,5364763,"2,431,377,069.95",49979
2018-01-15,EQ,460.0,488.0,457.0,455.95,475.4,474.85,477.69,488.0,307.0,5635852,"2,692,187,563.30",106989
2018-01-16,EQ,479.9,494.3,471.25,474.85,485.65,482.65,486.35,494.3,307.0,8288750,"4,031,228,256.45",103715
2018-01-17,EQ,485.4,488.2,470.0,482.65,479.6,478.4,480.24,494.3,307.0,5691140,"2,733,086,857.95",66287
2018-01-18,EQ,483.2,489.8,478.0,478.4,488.8,485.05,484.04,494.3,307.0,1772870,"858,145,845.85",46099
2018-01-19,EQ,489.25,491.35,477.0,485.05,481.0,481.5,483.12,494.3,307.0,3488403,"1,685,332,850.40",44364
2018-01-22,EQ,481.5,488.85,469.0,481.5,470.0,470.2,474.43,494.3,307.0,3825798,"1,815,080,736.85",74770
2018-01-23,EQ,474.25,474.25,454.5,470.2,456.3,458.55,461.12,494.3,307.0,3561221,"1,642,148,649.10",70282
2018-01-24,EQ,457.5,460.0,448.0,458.55,454.5,455.25,454.14,494.3,307.0,2072037,"940,999,305.90",27874
2018-01-25,EQ,455.0,460.0,447.0,455.25,447.5,448.5,451.95,494.3,307.0,1194340,"539,779,093.55",52499
2018-01-29,EQ,447.0,452.6,444.4,448.5,444.8,445.35,447.91,494.3,307.0,1113037,"498,542,451.65",39014
2018-01-30,EQ,444.0,448.1,417.0,445.35,418.15,421.85,435.75,494.3,307.0,3583717,"1,561,618,690.80",35221
2018-01-31,EQ,418.4,432.9,395.3,421.85,426.7,427.0,408.33,494.3,307.0,14738305,"6,018,021,893.00",128610
2018-02-01,EQ,429.95,452.0,423.0,427.0,449.1,448.25,441.61,494.3,307.0,4965461,"2,192,819,867.45",74815
2018-02-02,EQ,441.0,455.0,430.0,448.25,443.55,442.4,443.59,494.3,307.0,5311751,"2,356,224,833.25",51976
2018-02-05,EQ,428.2,444.0,422.35,442.4,441.5,441.7,440.01,494.3,307.0,2268830,"998,306,799.10",29349
2018-02-06,EQ,418.0,440.7,417.05,441.7,438.8,438.8,435.13,494.3,307.0,1893871,"824,073,683.35",31660
2018-02-07,EQ,443.0,449.3,431.0,438.8,433.1,433.45,438.78,494.3,307.0,1048027,"459,850,520.30",25484
2018-02-08,EQ,434.9,444.75,434.85,433.45,441.5,441.5,441.67,494.3,307.0,927897,"409,820,848.70",17505
2018-02-09,EQ,430.3,446.0,430.3,441.5,438.0,439.55,441.29,494.3,307.0,1008995,"445,264,397.70",15768
2018-02-12,EQ,442.0,451.0,435.05,439.55,438.15,441.75,444.73,494.3,307.0,1944360,"864,706,525.45",30647
2018-02-14,EQ,441.8,442.9,431.0,441.75,431.75,431.9,436.65,494.3,307.0,2159701,"943,040,897.70",20632
2018-02-15,EQ,433.0,437.0,428.0,431.9,432.8,432.0,433.31,494.3,307.0,506167,"219,326,712.65",14126
2018-02-16,EQ,434.15,435.3,426.6,432.0,431.1,431.45,431.1,494.3,307.0,522734,"225,350,735.05",11705
2018-02-19,EQ,432.0,439.4,426.8,431.45,438.65,435.9,432.83,494.3,307.0,693977,"300,373,783.95",18524
2018-02-20,EQ,439.5,442.0,432.6,435.9,435.8,434.5,437.2,494.3,307.0,781850,"341,827,205.75",21166
2018-02-21,EQ,438.9,450.5,436.15,434.5,450.0,449.6,445.56,494.3,307.0,1312613,"584,844,385.10",33689
2018-02-22,EQ,447.2,454.5,443.9,449.6,449.0,450.8,449.6,494.3,307.0,772690,"347,401,255.20",16974
2018-02-23,EQ,452.1,471.7,452.05,450.8,470.1,468.85,465.67,494.3,307.0,1849448,"861,226,273.80",39164
2018-02-26,EQ,472.8,472.8,461.35,468.85,469.55,468.3,467.6,494.3,307.0,920977,"430,646,901.10",42911
2018-02-27,EQ,467.9,477.8,460.0,468.3,470.0,469.0,468.08,494.3,307.0,1378658,"645,323,676.95",31705
2018-02-28,EQ,467.5,468.0,460.0,469.0,461.0,461.2,464.0,494.3,307.0,1358563,"630,372,253.55",55098
2018-03-01,EQ,461.9,464.35,450.1,461.2,450.6,450.95,456.57,494.3,307.0,1102928,"503,561,738.35",27290
2018-03-05,EQ,450.0,456.15,448.1,450.95,454.0,452.9,452.86,494.3,307.0,1249630,"565,911,932.60",31735
2018-03-06,EQ,457.0,457.4,445.1,452.9,446.0,447.35,449.07,494.3,307.0,1595634,"716,545,352.65",23577
2018-03-07,EQ,446.45,447.55,435.0,447.35,436.4,437.55,442.61,494.3,307.0,2900233,"1,283,678,407.60",36013
2018-03-08,EQ,441.0,442.0,427.7,437.55,429.9,430.55,432.45,494.3,307.0,1951335,"843,862,778.85",41500
2018-03-09,EQ,434.75,434.95,423.0,430.55,424.5,425.55,428.62,494.3,307.0,1494497,"640,575,637.65",31649
2018-03-12,EQ,429.95,433.35,425.5,425.55,431.0,430.4,429.67,494.3,307.0,884484,"380,038,273.75",30671
2018-03-13,EQ,431.95,445.5,429.8,430.4,444.0,441.95,439.88,494.3,307.0,1396863,"614,458,887.50",23754
2018-03-14,EQ,441.95,447.9,440.0,441.95,444.95,445.25,445.06,494.3,307.0,872703,"388,408,265.40",18533
2018-03-15,EQ,445.0,451.0,443.6,445.25,449.0,448.6,447.81,494.3,307.0,656358,"293,925,420.25",13037
2018-03-16,EQ,450.95,450.95,436.1,448.6,442.6,443.3,441.61,494.3,307.0,553113,"244,262,119.40",24765
2018-03-19,EQ,440.0,442.7,425.0,443.3,425.75,425.9,429.49,494.3,307.0,697119,"299,407,183.90",34058
2018-03-20,EQ,424.95,428.65,419.65,425.9,423.0,422.85,423.56,494.3,307.0,1782357,"754,933,006.75",48135
2018-03-21,EQ,426.7,438.0,419.25,422.85,423.1,422.5,428.63,494.3,307.0,1341420,"574,968,160.60",33319
2018-03-22,EQ,426.8,429.75,424.2,422.5,426.25,427.5,427.34,494.3,307.0,1267475,"541,646,448.95",53508
2018-03-23,EQ,420.0,431.0,416.1,427.5,426.9,429.15,427.01,494.3,307.0,939860,"401,325,611.10",31176
2018-03-26,EQ,429.0,439.0,427.25,429.15,437.5,437.55,434.55,494.3,307.0,675696,"293,621,891.25",18244
2018-03-27,EQ,440.05,449.4,440.05,437.55,449.25,448.65,446.99,494.3,307.0,1231929,"550,661,374.20",43460
2018-03-28,EQ,442.5,460.0,442.5,448.65,453.15,454.45,455.85,494.3,307.0,1217753,"555,108,220.75",21494
2018-04-02,EQ,456.6,487.0,456.6,454.45,486.4,482.65,475.14,494.3,307.0,2112175,"1,003,583,017.30",46200
2018-04-03,EQ,484.8,508.3,482.2,482.65,492.9,493.6,495.78,508.3,307.0,3149584,"1,561,489,300.25",77984
2018-04-04,EQ,495.0,504.0,488.9,493.6,497.5,495.85,497.37,508.3,307.0,1687239,"839,186,819.65",38547
2018-04-05,EQ,501.8,505.85,487.05,495.85,498.0,497.95,497.27,508.3,307.0,1710038,"850,348,011.65",41288
2018-04-06,EQ,497.8,504.4,494.0,497.95,496.3,496.35,499.82,508.3,307.0,1505952,"752,702,528.45",45408
2018-04-09,EQ,496.45,510.9,490.0,496.35,491.7,492.0,501.05,510.9,307.0,2704392,"1,355,022,648.95",40459
2018-04-10,EQ,494.95,505.9,492.1,492.0,504.8,503.55,499.99,510.9,307.0,1439138,"719,560,790.60",37628
2018-04-11,EQ,501.5,507.7,495.0,503.55,498.05,499.75,500.4,510.9,307.0,2556799,"1,279,415,600.80",25758
2018-04-12,EQ,500.0,501.5,497.4,499.75,498.7,499.6,500.07,510.9,307.0,870497,"435,308,206.70",34313
2018-04-13,EQ,500.25,501.55,497.6,499.6,499.0,499.8,499.68,510.9,307.0,990964,"495,163,640.40",34245
2018-04-16,EQ,495.7,500.3,492.75,499.8,495.0,494.75,496.32,510.9,307.0,839503,"416,665,387.80",21717
2018-04-17,EQ,497.5,500.3,486.0,494.75,492.35,491.3,491.85,510.9,307.0,1325820,"652,104,554.95",37304
2018-04-18,EQ,496.0,500.25,488.0,491.3,491.15,493.15,495.23,510.9,307.0,1042991,"516,522,065.85",24179
2018-04-19,EQ,501.0,511.0,497.1,493.15,501.0,503.5,503.69,511.0,307.0,4279631,"2,155,619,382.75",105835
2018-04-20,EQ,502.8,503.25,494.0,503.5,494.35,495.65,496.87,511.0,307.0,1683866,"836,659,250.15",72026
2018-04-23,EQ,496.4,496.85,489.0,495.65,492.0,493.6,494.42,511.0,307.0,1348271,"666,610,298.80",24581
2018-04-24,EQ,495.8,503.0,489.1,493.6,497.0,499.55,496.32,511.0,307.0,2176962,"1,080,471,672.10",55468
2018-04-25,EQ,499.0,514.9,495.0,499.55,511.0,510.6,505.11,514.9,307.0,3740225,"1,889,220,438.70",67122
2018-04-26,EQ,512.95,536.8,512.95,510.6,534.15,533.05,525.9,536.8,307.0,4445968,"2,338,118,770.90",100663
2018-04-27,EQ,537.9,546.85,517.0,533.05,518.0,519.15,532.39,546.85,307.0,2924033,"1,556,735,689.65",66645
2018-04-30,EQ,520.0,525.75,514.3,519.15,519.0,518.05,519.09,546.85,307.0,1988145,"1,032,031,436.45",55034
2018-05-02,EQ,520.75,525.3,508.1,518.05,509.0,509.95,515.66,546.85,307.0,1474785,"760,489,913.55",37016
2018-05-03,EQ,510.55,510.9,493.0,509.95,496.15,496.0,498.14,546.85,307.0,1926354,"959,590,763.80",51588
2018-05-04,EQ,490.1,504.9,490.1,496.0,497.0,500.35,499.13,546.85,307.0,1276630,"637,205,757.20",52972
2018-05-07,EQ,502.55,504.8,497.2,500.35,500.0,499.9,500.08,546.85,307.0,1484565,"742,405,309.25",47288
2018-05-08,EQ,503.3,513.95,499.0,499.9,512.5,509.95,506.38,546.85,307.0,1444181,"731,298,315.85",32289
2018-05-09,EQ,511.9,518.0,511.0,509.95,514.25,514.75,514.91,546.85,307.0,1600419,"824,072,631.10",35243
2018-05-10,EQ,517.0,520.9,509.5,514.75,519.7,517.65,515.97,546.85,307.0,1447761,"746,997,296.20",44528
2018-05-11,EQ,517.65,524.95,516.1,517.65,523.85,523.3,522.1,546.85,307.0,1183632,"617,972,377.85",26316
2018-05-14,EQ,526.0,548.25,524.85,523.3,542.95,540.0,538.63,548.25,307.0,2848754,"1,534,421,092.40",62035
2018-05-15,EQ,522.0,525.55,495.0,540.0,507.9,506.5,513.64,548.25,307.0,7490877,"3,847,633,815.50",151044
2018-05-16,EQ,502.25,509.5,495.2,506.5,497.25,497.55,499.79,548.25,307.0,2261791,"1,130,416,194.10",62332
2018-05-17,EQ,498.2,503.25,492.2,497.55,492.6,494.3,497.39,548.25,307.0,1338372,"665,697,556.65",70875
2018-05-18,EQ,497.6,497.8,485.1,494.3,495.4,493.95,490.98,548.25,307.0,1158565,"568,835,620.45",45907
2018-05-21,EQ,493.95,501.5,487.25,493.95,490.0,489.65,493.58,548.25,307.0,1332552,"657,720,500.50",43161
2018-05-22,EQ,491.95,496.7,480.0,489.65,480.75,481.6,486.55,548.25,307.0,1469055,"714,766,133.55",43852
2018-05-23,EQ,483.0,485.4,475.1,481.6,476.3,476.35,478.97,548.25,307.0,1261911,"604,418,082.15",43923
2018-05-24,EQ,478.8,484.2,470.0,476.35,475.8,475.05,475.99,548.25,307.0,1958399,"932,170,649.65",54489
2018-05-25,EQ,478.7,487.5,473.55,475.05,481.5,481.5,481.03,548.25,307.0,1596757,"768,088,003.05",55182
2018-05-28,EQ,485.65,493.35,483.05,481.5,491.25,491.25,488.74,548.25,307.0,1975352,"965,426,605.70",46746
2018-05-29,EQ,491.4,497.7,489.55,491.25,495.0,494.25,493.81,548.25,307.0,957169,"472,658,383.00",32193
2018-05-30,EQ,492.0,505.0,484.6,494.25,504.0,501.2,494.87,548.25,307.0,1480953,"732,872,778.80",52812
2018-05-31,EQ,506.45,508.8,486.4,501.2,488.0,491.15,498.71,548.25,307.0,1419549,"707,937,913.75",39584
2018-06-01,EQ,491.65,492.85,485.05,491.15,490.0,488.85,489.4,548.25,307.0,1060120,"518,825,738.25",36257
2018-06-04,EQ,490.75,491.8,472.5,488.85,472.6,473.85,479.03,548.25,307.0,1150250,"550,998,879.60",41887
2018-06-05,EQ,467.25,479.0,462.2,473.85,463.4,464.35,468.07,548.25,307.0,1227934,"574,760,914.60",41650
2018-06-06,EQ,465.5,471.55,461.0,464.35,468.4,467.2,466.83,548.25,307.0,1023144,"477,638,377.10",31548
2018-06-07,EQ,471.0,475.7,468.0,467.2,471.0,470.55,471.66,548.25,307.0,1350574,"637,005,095.45",47624
2018-06-08,EQ,470.55,476.0,466.1,470.55,472.0,472.15,471.48,548.25,307.0,2205834,"1,040,016,868.70",48960
2018-06-11,EQ,475.7,488.0,474.65,472.15,487.75,485.85,483.6,548.25,307.0,2410561,"1,165,744,189.25",86462
2018-06-12,EQ,488.0,507.6,486.2,485.85,504.0,503.2,501.0,548.25,307.0,2776666,"1,391,096,172.85",70745
2018-06-13,EQ,504.0,505.0,490.25,503.2,490.65,491.25,495.36,548.25,307.0,1003539,"497,116,743.75",43249
2018-06-14,EQ,491.0,491.0,479.0,491.25,482.85,481.5,484.11,548.25,307.0,1006376,"487,199,930.40",48952
2018-06-15,EQ,482.9,487.0,465.45,481.5,468.5,469.75,470.8,548.25,307.0,13594222,"6,400,145,012.45",142619
2018-06-18,EQ,469.95,485.0,469.9,469.75,477.0,479.2,479.22,548.25,307.0,1504101,"720,795,066.10",39323
2018-06-19,EQ,476.3,483.2,471.3,479.2,475.0,474.75,476.3,548.25,307.0,911179,"433,991,665.15",39856
2018-06-20,EQ,477.0,478.55,471.2,474.75,474.8,473.4,474.28,548.25,307.0,568306,"269,533,490.60",24022
2018-06-21,EQ,475.0,476.0,468.0,473.4,473.0,472.4,471.92,548.25,307.0,660819,"311,853,297.65",24326
2018-06-22,EQ,473.8,473.8,469.1,472.4,471.0,471.4,471.21,548.25,307.0,527118,"248,381,918.50",12555
2018-06-25,EQ,471.5,475.9,466.1,471.4,466.5,467.2,469.48,548.25,307.0,539959,"253,497,783.35",12623
2018-06-26,EQ,465.05,470.6,456.0,467.2,467.0,467.8,463.34,548.25,307.0,1248575,"578,518,587.25",27091
2018-06-27,EQ,468.5,470.8,461.5,467.8,469.75,468.7,466.84,548.25,307.0,593999,"277,302,285.20",12235
2018-06-28,EQ,467.95,467.95,458.0,468.7,460.0,460.75,461.93,548.25,307.0,466930,"215,690,489.90",9901
2018-06-29,EQ,462.05,465.0,454.0,460.75,455.3,456.15,458.98,548.25,307.0,1002424,"460,096,591.70",19945
2018-07-02,EQ,457.75,464.5,450.6,456.15,457.95,458.35,456.0,548.25,307.0,803747,"366,510,743.55",20166
2018-07-03,EQ,458.0,464.5,453.25,458.35,458.95,459.3,459.75,548.25,307.0,415286,"190,929,431.35",12503
2018-07-04,EQ,460.0,464.45,456.1,459.3,459.9,460.0,459.54,548.25,307.0,481896,"221,451,506.70",13049
2018-07-05,EQ,460.45,469.8,457.8,460.0,461.4,461.75,464.43,548.25,307.0,555727,"258,098,896.00",11674
2018-07-06,EQ,462.0,471.95,460.1,461.75,470.55,468.7,466.78,548.25,307.0,663491,"309,701,761.80",18585
2018-07-09,EQ,473.0,479.9,471.35,468.7,475.15,474.6,475.56,548.25,307.0,712689,"338,926,385.45",20076
2018-07-10,EQ,477.95,482.0,473.2,474.6,474.9,475.7,477.76,548.25,307.0,679839,"324,801,675.10",23425
2018-07-11,EQ,475.1,476.7,468.0,475.7,468.9,468.9,471.45,548.25,307.0,401838,"189,446,163.05",12869
2018-07-12,EQ,471.55,483.0,471.3,468.9,478.5,479.1,477.75,548.25,307.0,953274,"455,424,777.45",28669
2018-07-13,EQ,481.0,482.7,470.0,479.1,472.25,471.55,473.13,548.25,307.0,569549,"269,470,621.60",19893
2018-07-16,EQ,471.8,472.5,457.5,471.55,457.95,459.85,464.27,548.25,307.0,801423,"372,075,298.55",26246
2018-07-17,EQ,460.0,470.65,455.55,459.85,463.0,464.5,460.37,548.25,307.0,1332222,"613,313,511.50",28997
2018-07-18,EQ,468.0,478.0,466.0,464.5,472.2,473.9,472.2,548.25,307.0,1274708,"601,911,372.30",33001
2018-07-19,EQ,471.95,474.45,468.2,473.9,471.6,471.0,471.16,548.25,307.0,581747,"274,094,306.00",20527
2018-07-20,EQ,471.8,493.7,468.3,471.0,491.15,489.6,482.29,548.25,307.0,3641559,"1,756,276,222.20",68367
2018-07-23,EQ,497.0,498.0,478.55,489.6,480.05,482.95,484.49,548.25,307.0,1379264,"668,236,578.20",58018
2018-07-24,EQ,484.05,488.0,470.05,482.95,480.8,480.15,479.46,548.25,307.0,1128826,"541,223,002.85",24211
2018-07-25,EQ,480.0,495.75,478.45,480.15,495.0,494.35,491.65,548.25,307.0,1598485,"785,899,909.35",31431
2018-07-26,EQ,494.0,495.9,486.0,494.35,489.0,489.4,490.78,548.25,307.0,559055,"274,372,016.85",16073
2018-07-27,EQ,490.0,510.8,490.0,489.4,507.9,508.4,502.65,548.25,307.0,2140712,"1,076,039,311.20",50031
2018-07-30,EQ,507.0,507.4,492.65,508.4,494.0,495.2,498.02,548.25,307.0,1042844,"519,361,397.65",21432
2018-07-31,EQ,493.0,504.9,488.0,495.2,503.0,502.7,497.56,548.25,307.0,896975,"446,295,993.45",22193
2018-08-01,EQ,500.3,502.6,494.0,502.7,495.0,495.75,497.54,548.25,307.0,444268,"221,039,036.60",13300
2018-08-02,EQ,495.65,504.25,490.55,495.75,491.65,493.1,497.01,548.25,307.0,551346,"274,025,613.75",17674
2018-08-03,EQ,495.4,504.75,483.2,493.1,488.0,486.4,493.78,548.25,307.0,1248163,"616,320,572.65",22374
2018-08-06,EQ,489.5,491.0,481.5,486.4,484.1,485.4,486.0,548.25,307.0,1237540,"601,443,771.95",23148
2018-08-07,EQ,485.85,486.95,476.0,485.4,477.25,478.1,481.16,548.25,307.0,666377,"320,631,973.10",21414
2018-08-08,EQ,478.1,479.75,465.55,478.1,467.9,468.0,471.81,548.25,307.0,1535027,"724,242,942.35",36450
2018-08-09,EQ,471.0,474.7,463.25,468.0,465.45,465.95,466.35,548.25,307.0,1444553,"673,673,197.30",27558
2018-08-10,EQ,466.9,468.0,459.05,465.95,465.0,464.9,462.94,548.25,307.0,2171685,"1,005,357,375.60",26133
2018-08-13,EQ,465.0,468.7,460.65,464.9,463.7,464.1,464.27,548.25,307.0,1107202,"514,035,173.50",28589
2018-08-14,EQ,464.1,471.0,464.0,464.1,467.75,468.1,468.65,548.25,307.0,959947,"449,878,728.20",23399
2018-08-16,EQ,468.0,468.8,459.95,468.1,460.0,461.2,463.82,548.25,307.0,512635,"237,768,851.05",14721
2018-08-17,EQ,463.4,465.7,459.5,461.2,460.25,461.3,461.83,548.25,307.0,1013707,"468,163,237.35",35566
2018-08-20,EQ,463.85,468.0,461.15,461.3,461.8,462.45,464.13,548.25,307.0,726254,"337,077,630.70",25688
2018-08-21,EQ,463.45,464.95,461.55,462.45,462.0,462.3,463.23,548.25,307.0,762167,"353,058,319.30",15597
2018-08-23,EQ,464.7,474.7,462.3,462.3,466.95,467.2,469.11,548.25,307.0,1485668,"696,948,069.40",29864
2018-08-24,EQ,467.0,472.5,460.6,467.2,462.1,462.15,465.28,548.25,307.0,709420,"330,076,799.85",24911
2018-08-27,EQ,463.0,466.0,460.0,462.15,461.1,460.8,462.18,548.25,307.0,717597,"331,655,620.30",17962
2018-08-28,EQ,461.95,463.8,460.25,460.8,460.8,461.45,462.03,548.25,307.0,670395,"309,743,362.40",11742
2018-08-29,EQ,463.35,469.9,460.4,461.45,468.8,466.25,464.69,548.25,307.0,1210750,"562,625,285.70",17667
2018-08-30,EQ,469.95,475.5,465.0,466.25,465.7,466.65,469.36,548.25,307.0,1091878,"512,489,244.85",35887
2018-08-31,EQ,465.0,467.8,461.1,466.65,461.25,461.75,462.97,548.25,307.0,513771,"237,858,296.90",13795
2018-09-03,EQ,462.1,465.75,459.0,461.75,459.2,460.15,462.26,548.25,307.0,484678,"224,046,573.90",16490
2018-09-04,EQ,461.95,461.95,452.0,460.15,453.55,452.9,455.74,548.25,307.0,554039,"252,497,620.45",15048
2018-09-05,EQ,450.4,462.05,441.5,452.9,462.0,455.4,449.4,548.25,307.0,951095,"427,424,061.50",26600
2018-09-06,EQ,460.0,460.0,450.8,455.4,452.9,453.8,454.96,548.25,307.0,442815,"201,464,741.05",23505
2018-09-07,EQ,454.0,455.0,447.25,453.8,454.25,451.35,450.19,548.25,307.0,710881,"320,031,660.80",12694
2018-09-10,EQ,449.0,457.0,443.75,451.35,450.35,450.1,449.47,548.25,307.0,947697,"425,959,664.50",32380
2018-09-11,EQ,454.8,455.75,443.25,450.1,444.95,445.95,450.91,548.25,307.0,625164,"281,891,076.45",22422
2018-09-12,EQ,447.8,447.8,429.1,445.95,434.0,436.6,435.47,548.25,307.0,1384238,"602,792,969.20",51653
2018-09-14,EQ,437.05,438.45,422.1,436.6,426.55,425.55,426.67,548.25,307.0,1870621,"798,129,041.45",116322
2018-09-17,EQ,425.0,425.3,409.25,425.55,412.7,412.95,413.92,548.25,307.0,2753776,"1,139,834,093.20",111264
2018-09-18,EQ,414.3,418.1,409.0,412.95,409.5,410.65,412.27,548.25,307.0,1284003,"529,350,325.10",82899
2018-09-19,EQ,412.0,415.0,398.85,410.65,400.65,400.1,404.86,548.25,307.0,1252296,"506,998,409.30",50681
2018-09-21,EQ,400.0,400.0,372.5,400.1,389.0,388.25,389.07,548.25,307.0,2926366,"1,138,565,913.00",91883
2018-09-24,EQ,390.0,390.85,368.0,388.25,368.0,369.1,376.9,548.25,307.0,3357152,"1,265,321,409.30",100240
2018-09-25,EQ,368.85,396.8,363.0,369.1,391.8,390.0,384.5,548.25,307.0,2579384,"991,767,503.80",50142
2018-09-26,EQ,395.0,406.05,391.0,390.0,404.5,403.6,402.4,548.25,307.0,2432342,"978,773,851.05",53496
2018-09-27,EQ,405.75,413.0,398.0,403.6,411.3,404.05,402.58,548.25,307.0,1375955,"553,936,230.45",26071
2018-09-28,EQ,413.95,414.0,390.1,404.05,391.6,391.6,398.66,548.25,307.0,937746,"373,840,940.45",39231
2018-10-01,EQ,393.6,394.2,379.0,391.6,386.0,388.35,384.28,548.25,307.0,1561320,"599,983,607.05",54566
2018-10-03,EQ,386.4,392.0,378.1,388.35,378.25,379.65,384.25,548.25,307.0,994487,"382,134,999.35",48723
2018-10-04,EQ,375.8,380.0,365.45,379.65,371.65,372.3,371.79,548.25,307.0,1262589,"469,416,652.85",35091
2018-10-05,EQ,370.0,377.0,365.1,372.3,366.8,366.9,370.61,548.25,307.0,652992,"242,002,971.90",24099
2018-10-08,EQ,367.5,372.8,363.0,366.9,368.0,369.15,369.22,548.25,307.0,937703,"346,222,523.65",34177
2018-10-09,EQ,371.5,374.65,357.0,369.15,360.7,361.35,368.29,548.25,307.0,1037612,"382,140,099.55",23174
2018-10-10,EQ,363.1,373.5,361.05,361.35,370.45,369.75,369.58,548.25,307.0,1199754,"443,407,433.05",44983
2018-10-11,EQ,358.0,374.0,355.0,369.75,365.0,365.75,367.17,548.25,307.0,1236817,"454,117,475.75",29418
2018-10-12,EQ,369.0,379.7,368.5,365.75,373.9,373.25,373.53,548.25,307.0,1014252,"378,857,739.05",30378
2018-10-15,EQ,377.0,377.75,366.9,373.25,367.0,368.85,370.77,548.25,307.0,799151,"296,303,669.20",25089
2018-10-16,EQ,371.25,384.95,369.0,368.85,378.05,376.25,378.69,548.25,307.0,1559187,"590,442,660.50",26862
2018-10-17,EQ,380.75,382.35,369.0,376.25,373.5,371.4,375.76,548.25,307.0,837452,"314,680,218.40",21117
2018-10-19,EQ,369.0,375.0,366.25,371.4,370.0,369.7,370.04,548.25,307.0,711888,"263,430,481.45",34738
2018-10-22,EQ,374.0,374.0,364.6,369.7,364.75,365.7,369.45,548.25,307.0,503122,"185,880,638.35",13293
2018-10-23,EQ,365.0,369.8,359.0,365.7,359.95,359.95,361.98,548.25,307.0,838685,"303,587,083.90",18874
2018-10-24,EQ,369.0,369.0,360.5,359.95,363.85,364.75,364.01,548.25,307.0,2217572,"807,207,395.35",41552
2018-10-25,EQ,362.8,363.75,358.0,364.75,360.35,359.85,360.24,548.25,307.0,527295,"189,951,825.10",17903
2018-10-26,EQ,359.95,363.5,355.05,359.85,362.0,359.8,359.69,548.25,307.0,1787348,"642,886,073.60",19833
2018-10-29,EQ,362.95,378.7,359.1,359.8,366.4,366.2,371.27,548.25,307.0,1755867,"651,898,754.05",25029
2018-10-30,EQ,367.0,371.95,366.4,366.2,370.0,369.8,369.71,548.25,307.0,451965,"167,095,539.30",13103
2018-10-31,EQ,370.65,374.8,365.1,369.8,374.0,372.3,370.1,548.25,307.0,386859,"143,175,465.25",11917
2018-11-01,EQ,377.5,384.4,371.05,372.3,371.9,372.5,376.09,548.25,307.0,1073936,"403,894,403.65",21819
2018-11-02,EQ,374.7,387.9,371.75,372.5,387.4,386.6,379.32,548.25,307.0,2557300,"970,023,228.90",29830
2018-11-05,EQ,387.9,405.45,381.3,386.6,402.0,399.15,392.53,548.25,307.0,2065266,"810,673,379.60",23539
2018-11-06,EQ,400.0,408.0,392.35,399.15,394.7,397.65,400.37,548.25,307.0,1231518,"493,058,128.65",30285
2018-11-07,EQ,400.0,406.0,397.35,397.65,402.75,403.6,403.0,548.25,307.0,279874,"112,788,878.15",5768
2018-11-09,EQ,402.0,405.95,397.0,403.6,399.0,401.35,400.38,548.25,307.0,1078490,"431,804,194.10",28204
2018-11-12,EQ,402.4,402.45,395.1,401.35,397.0,397.75,397.16,548.25,307.0,783559,"311,198,880.70",11161
2018-11-13,EQ,396.95,400.9,392.0,397.75,400.0,398.55,396.56,548.25,307.0,637189,"252,684,581.70",25347
2018-11-14,EQ,400.95,407.3,397.05,398.55,401.3,401.45,402.12,548.25,307.0,1334156,"536,494,221.70",41331
2018-11-15,EQ,402.7,402.7,395.15,401.45,397.45,397.8,397.68,548.25,307.0,570933,"227,050,727.25",19487
2018-11-16,EQ,397.0,399.6,391.7,397.8,392.0,393.4,395.09,548.25,307.0,941682,"372,053,349.05",27206
2018-11-19,EQ,392.0,392.95,380.25,393.4,383.85,384.0,383.31,548.25,344.0,1640501,"628,812,665.35",67720
2018-11-20,EQ,382.0,388.7,380.05,384.0,385.3,387.05,384.07,548.25,344.0,1285180,"493,601,863.60",23683
2018-11-21,EQ,387.0,393.8,382.25,387.05,390.35,390.2,390.42,548.25,344.0,1527245,"596,271,790.20",47341
2018-11-22,EQ,391.35,395.0,386.1,390.2,393.9,393.3,391.94,548.25,344.0,1025212,"401,822,418.65",25292
2018-11-26,EQ,396.0,397.0,388.7,393.3,397.0,396.15,394.73,548.25,355.0,1765005,"696,697,670.50",27368
2018-11-27,EQ,395.95,396.8,390.0,396.15,393.5,392.95,394.31,548.25,355.0,496422,"195,745,000.85",13409
2018-11-28,EQ,393.95,396.0,390.95,392.95,392.6,394.75,394.84,548.25,355.0,1584598,"625,669,742.10",16598
2018-11-29,EQ,395.1,396.65,392.0,394.75,393.6,392.7,393.71,548.25,355.0,566084,"222,870,828.35",7100
2018-11-30,EQ,393.3,400.0,392.55,392.7,396.9,396.7,397.47,548.25,355.0,606060,"240,887,811.50",18677
2018-12-03,EQ,396.95,400.15,392.8,396.7,399.05,398.65,397.43,548.25,355.0,828428,"329,240,130.95",50799
2018-12-04,EQ,397.1,400.0,392.55,398.65,397.2,398.7,396.87,548.25,355.0,770066,"305,618,566.10",31370
2018-12-05,EQ,394.0,398.65,392.5,398.7,395.55,396.6,395.31,548.25,355.0,1331974,"526,548,135.80",14862
2018-12-06,EQ,394.65,400.45,391.1,396.6,396.95,396.45,397.43,548.25,355.0,697313,"277,134,257.05",22569
2018-12-07,EQ,396.0,399.0,391.0,396.45,391.25,392.55,396.2,548.25,355.0,643910,"255,116,278.10",30752
2018-12-10,EQ,388.0,388.75,383.45,392.55,385.0,385.3,386.03,548.25,355.0,596400,"230,229,327.05",9581
2018-12-11,EQ,380.0,388.95,379.95,385.3,384.0,384.75,384.89,548.25,355.0,429483,"165,301,720.45",19904
2018-12-12,EQ,384.8,396.65,384.8,384.75,393.0,393.3,393.04,548.25,355.0,667544,"262,369,553.45",17910
2018-12-13,EQ,395.0,396.7,386.0,393.3,386.9,387.2,392.6,548.25,355.0,654908,"257,116,357.15",19909
2018-12-14,EQ,389.0,395.0,386.3,387.2,394.0,394.1,391.98,548.25,355.0,564640,"221,324,839.40",14419
2018-12-17,EQ,396.55,396.55,390.55,394.1,392.5,393.2,393.56,548.25,355.0,288405,"113,504,078.75",7242
2018-12-18,EQ,392.05,394.4,390.55,393.2,391.6,392.5,392.15,548.25,355.0,726131,"284,751,422.15",22857
2018-12-19,EQ,394.4,394.4,387.0,392.5,387.05,387.55,389.66,548.25,355.0,641305,"249,891,513.55",17095
2018-12-20,EQ,386.8,390.55,385.7,387.55,386.9,387.2,388.7,548.25,355.0,862497,"335,251,736.35",24268
2018-12-21,EQ,388.0,388.0,381.2,387.2,385.2,385.2,385.29,548.25,355.0,1139523,"439,050,685.40",22353
2018-12-24,EQ,385.0,387.7,383.25,385.2,385.0,385.1,384.71,548.25,355.0,1142259,"439,442,470.60",33609
2018-12-26,EQ,383.0,386.05,379.55,385.1,386.0,384.8,382.97,548.25,355.0,1277067,"489,078,119.70",51676
2018-12-27,EQ,386.7,394.5,385.6,384.8,390.0,390.6,391.35,548.25,355.0,862693,"337,618,076.70",32258
2018-12-28,EQ,391.4,393.4,384.5,390.6,386.0,387.35,389.16,548.25,355.0,935219,"363,949,974.85",28289
2018-12-31,EQ,388.0,389.4,385.6,387.35,386.8,387.15,387.21,548.25,355.0,380439,"147,308,523.60",8770
2019-01-01,EQ,387.8,388.9,385.1,387.15,386.8,386.4,386.64,548.25,355.0,244225,"94,427,858.50",4739
2019-01-02,EQ,385.95,392.5,385.1,386.4,391.65,391.15,389.69,548.25,355.0,401487,"156,453,479.70",14593
2019-01-03,EQ,392.65,395.5,389.5,391.15,390.85,391.3,393.39,548.25,355.0,391423,"153,983,720.65",8815
2019-01-04,EQ,392.0,394.95,387.75,391.3,394.5,393.5,391.76,548.25,355.0,484014,"189,618,264.05",6734
2019-01-07,EQ,394.5,395.4,390.1,393.5,393.3,393.05,393.0,548.25,355.0,346567,"136,200,097.05",11350
2019-01-08,EQ,392.9,396.0,389.2,393.05,394.0,394.7,392.58,548.25,355.0,391569,"153,723,374.55",11024
2019-01-09,EQ,392.7,398.45,391.5,394.7,394.65,396.0,395.68,548.25,355.0,815426,"322,651,416.25",17956
2019-01-10,EQ,396.65,409.35,395.05,396.0,405.9,406.7,403.14,548.25,355.0,1539299,"620,560,440.65",28287
2019-01-11,EQ,408.6,409.4,404.0,406.7,406.0,406.6,407.2,548.25,355.0,644793,"262,561,103.95",16499
2019-01-14,EQ,405.05,405.05,390.25,406.6,391.4,392.05,393.51,548.25,355.0,976187,"384,142,472.00",61297
2019-01-15,EQ,392.1,393.7,385.1,392.05,385.1,387.5,389.59,548.25,355.0,668054,"260,266,598.80",35657
2019-01-16,EQ,386.4,389.9,385.45,387.5,387.5,387.5,387.37,548.25,355.0,962874,"372,983,954.15",12571
2019-01-17,EQ,387.5,392.5,384.1,387.5,392.0,390.85,389.82,548.25,355.0,962821,"375,328,693.40",21316
2019-01-18,EQ,391.0,392.45,383.0,390.85,384.3,383.7,385.87,548.25,355.0,435544,"168,063,463.35",10667
2019-01-21,EQ,383.9,386.2,382.0,383.7,383.3,383.85,384.2,548.25,355.0,900424,"345,943,302.25",10668
2019-01-22,EQ,384.9,389.5,381.1,383.85,383.95,383.85,385.89,548.25,355.0,1365759,"527,032,320.65",21215
2019-01-23,EQ,385.0,389.5,371.25,383.85,372.0,373.35,376.87,548.25,355.0,1355788,"510,958,837.55",29188
2019-01-24,EQ,371.2,374.4,360.1,373.35,361.8,361.2,364.82,548.25,355.0,1229942,"448,712,966.15",39145
2019-01-25,EQ,363.95,368.75,357.0,361.2,360.1,359.4,363.3,548.25,355.0,1351651,"491,050,752.90",30670
2019-01-28,EQ,361.0,369.5,344.4,359.4,365.4,367.3,354.75,548.25,344.4,1405014,"498,430,953.95",62280
2019-01-29,EQ,366.45,366.5,357.7,367.3,361.05,360.3,360.38,548.25,344.4,793151,"285,836,078.80",26129
2019-01-30,EQ,362.3,372.0,358.0,360.3,370.5,370.4,365.61,548.25,344.4,943004,"344,770,447.45",21414
2019-01-31,EQ,373.0,374.5,363.0,370.4,372.0,371.6,371.05,548.25,344.4,892055,"331,001,042.60",13028
2019-02-01,EQ,372.85,377.15,368.0,371.6,375.2,375.45,373.94,548.25,344.4,854153,"319,401,028.45",24720
2019-02-04,EQ,372.55,377.95,370.6,375.45,376.25,376.2,375.48,548.25,344.4,572950,"215,133,551.65",23794
2019-02-05,EQ,375.0,377.3,370.6,376.2,377.0,376.25,375.02,548.25,344.4,387625,"145,366,690.70",13016
2019-02-06,EQ,376.25,377.0,367.7,376.25,370.0,369.6,372.02,548.25,344.4,489165,"181,980,431.95",23422
2019-02-07,EQ,370.0,372.0,367.1,369.6,368.5,368.4,370.23,548.25,344.4,974999,"360,974,430.45",25281
2019-02-08,EQ,368.3,372.8,363.55,368.4,364.8,365.05,367.79,548.25,344.4,308347,"113,405,428.95",8079
2019-02-11,EQ,365.8,366.35,351.25,365.05,356.0,356.6,356.37,548.25,344.4,693813,"247,253,925.05",55883
2019-02-12,EQ,355.3,360.3,351.35,356.6,354.9,353.35,354.77,548.25,344.4,495884,"175,925,877.25",17770
2019-02-13,EQ,355.5,361.0,354.6,353.35,359.1,359.25,358.93,548.25,344.4,345410,"123,978,795.55",17156
2019-02-14,EQ,358.0,361.7,353.55,359.25,361.5,359.5,356.87,548.25,344.4,922903,"329,352,993.75",29695
2019-02-15,EQ,356.0,361.95,354.0,359.5,361.0,358.5,356.74,548.25,344.4,645076,"230,123,526.05",8344
2019-02-18,EQ,359.45,362.8,349.0,358.5,349.9,350.6,353.51,548.25,344.4,433200,"153,138,633.35",9508
2019-02-19,EQ,351.7,354.0,346.05,350.6,347.0,346.8,350.37,548.25,344.4,345475,"121,043,100.35",8898
2019-02-20,EQ,348.6,349.75,345.75,346.8,346.15,346.3,347.32,548.25,344.4,480124,"166,757,188.15",16387
2019-02-21,EQ,347.4,357.7,346.25,346.3,357.65,356.85,353.95,548.25,344.4,546373,"193,388,245.75",20387
2019-02-22,EQ,358.35,364.0,356.15,356.85,362.25,362.5,362.18,548.25,344.4,487266,"176,476,744.20",11447
2019-02-25,EQ,362.95,364.9,354.0,362.5,354.55,354.6,355.7,548.25,344.4,480503,"170,915,363.50",19313
2019-02-26,EQ,351.0,355.75,346.35,354.6,353.5,353.7,350.72,548.25,344.4,619615,"217,312,994.40",14730
2019-02-27,EQ,355.3,357.5,348.05,353.7,349.6,350.05,352.73,548.25,344.4,429691,"151,565,345.00",10299
2019-02-28,EQ,351.85,356.25,348.15,350.05,351.5,352.25,352.72,548.25,344.4,1177853,"415,448,521.00",15823
2019-03-01,EQ,351.8,364.0,351.8,352.25,362.6,362.95,360.76,548.25,344.4,1162447,"419,361,040.30",17742
2019-03-05,EQ,360.1,379.0,360.1,362.95,376.4,376.3,373.42,548.25,344.4,1316987,"491,783,877.05",22767
2019-03-06,EQ,379.8,391.9,376.05,376.3,390.6,390.05,384.99,548.25,344.4,1444943,"556,289,128.50",43355
2019-03-07,EQ,390.6,394.0,384.3,390.05,390.4,391.1,389.58,548.25,344.4,912620,"355,538,467.95",23586
2019-03-08,EQ,389.1,393.9,385.0,391.1,391.0,391.7,390.64,548.25,344.4,408930,"159,745,768.05",10484
2019-03-11,EQ,391.0,392.0,385.3,391.7,389.9,390.5,389.0,548.25,344.4,1312055,"510,383,169.70",15911
2019-03-12,EQ,367.55,376.85,367.55,390.5,370.5,371.55,373.13,548.25,344.4,16596749,"6,192,818,685.20",119293
2019-03-13,EQ,367.5,370.85,365.3,371.55,365.85,366.15,368.02,548.25,344.4,21171413,"7,791,556,190.85",120712
2019-03-14,EQ,369.5,369.5,366.05,366.15,366.25,366.6,367.85,548.25,344.4,5356136,"1,970,250,750.30",48493
2019-03-15,EQ,367.0,372.25,366.25,366.6,370.9,370.1,369.1,548.25,344.4,7977181,"2,944,367,153.75",43923
2019-03-18,EQ,372.0,374.3,366.15,370.1,367.5,367.45,370.65,548.25,344.4,2776286,"1,029,034,043.35",43678
2019-03-19,EQ,368.0,368.85,362.5,367.45,362.9,364.15,365.11,548.25,344.4,3010431,"1,099,136,056.00",35547
2019-03-20,EQ,364.0,366.6,362.3,364.15,363.45,363.95,364.19,548.25,344.4,1211115,"441,072,841.25",28423
2019-03-22,EQ,364.3,367.45,361.55,363.95,362.7,363.05,364.46,548.25,344.4,1646283,"600,005,830.95",41457
2019-03-25,EQ,360.9,362.5,355.4,363.05,359.15,359.25,358.13,548.25,344.4,2130928,"763,158,788.95",59382
2019-03-26,EQ,362.2,370.25,361.05,359.25,368.6,369.55,367.17,548.25,344.4,4061590,"1,491,301,664.95",52899
2019-03-27,EQ,370.05,375.75,370.05,369.55,371.0,371.7,372.64,548.25,344.4,3879051,"1,445,481,997.45",54374
2019-03-28,EQ,371.95,373.2,368.1,371.7,370.2,371.55,370.87,548.25,344.4,1740501,"645,499,127.50",31401
2019-03-29,EQ,372.75,384.25,369.3,371.55,377.8,378.5,377.82,548.25,344.4,4830957,"1,825,210,065.90",60754
2019-04-01,EQ,378.2,387.5,377.15,378.5,382.75,383.85,383.29,548.25,344.4,2756796,"1,056,639,596.85",35724
2019-04-02,EQ,384.45,384.5,379.1,383.85,380.0,380.25,381.66,548.25,344.4,1180504,"450,553,922.75",17461
2019-04-03,EQ,380.6,391.85,379.15,380.25,384.4,384.65,386.94,548.25,344.4,3425894,"1,325,615,797.60",56452
2019-04-04,EQ,385.15,385.95,377.5,384.65,379.4,378.3,380.63,548.25,344.4,1219612,"464,216,847.60",36757
2019-04-05,EQ,380.0,388.45,380.0,378.3,386.5,386.2,384.86,548.25,344.4,1680426,"646,722,155.05",47402
2019-04-08,EQ,387.9,390.0,381.65,386.2,386.4,385.4,386.53,548.25,344.4,1769899,"684,127,899.40",42630
2019-04-09,EQ,386.0,386.35,378.6,385.4,380.9,381.75,381.57,548.25,344.4,1529577,"583,638,149.55",49945
2019-04-10,EQ,381.75,384.8,375.7,381.75,377.65,377.05,379.35,548.25,344.4,1968507,"746,747,527.30",45239
2019-04-11,EQ,378.65,397.45,373.6,377.05,394.6,394.1,388.19,548.25,344.4,5562186,"2,159,180,952.15",88140
2019-04-12,EQ,396.05,407.0,395.2,394.1,405.25,405.35,401.76,548.25,344.4,4538289,"1,823,284,635.25",86325
2019-04-15,EQ,407.4,408.0,400.4,405.35,404.7,405.45,405.38,548.25,344.4,1802086,"730,529,656.80",38484
2019-04-16,EQ,407.1,412.65,403.75,405.45,407.0,408.55,409.01,548.25,344.4,2172703,"888,667,574.65",64947
2019-04-18,EQ,409.35,413.7,395.9,408.55,406.4,406.35,406.54,548.25,344.4,2288968,"930,549,008.85",92738
2019-04-22,EQ,405.0,406.9,396.1,406.35,397.25,397.25,400.83,548.25,344.4,836332,"335,227,893.25",14442
2019-04-23,EQ,399.1,403.0,396.85,397.25,397.95,397.8,400.1,548.25,344.4,1102870,"441,254,226.35",40659
2019-04-24,EQ,397.6,400.9,397.3,397.8,400.2,400.0,399.49,548.25,344.4,1039080,"415,102,084.65",37759
2019-04-25,EQ,400.8,402.0,396.4,400.0,398.4,399.1,399.46,548.25,344.4,926294,"370,015,883.00",33522
2019-04-26,EQ,399.1,405.8,393.2,399.1,399.0,399.65,400.16,548.25,344.4,3066741,"1,227,184,128.90",60065
2019-04-30,EQ,400.0,406.4,395.0,399.65,405.45,404.55,400.63,548.25,344.4,2753067,"1,102,969,450.60",93437
2019-05-02,EQ,405.45,418.0,405.1,404.55,417.1,417.2,414.47,548.25,344.4,3487135,"1,445,327,477.30",73624
2019-05-03,EQ,402.0,419.8,401.1,417.2,413.3,414.25,411.86,548.25,344.4,10118251,"4,167,304,326.30",90476
2019-05-06,EQ,411.6,413.0,408.0,414.25,410.0,411.1,411.05,548.25,344.4,5075321,"2,086,206,869.40",57416
2019-05-07,EQ,412.0,412.8,406.05,411.1,410.0,409.25,409.43,548.25,344.4,2589598,"1,060,265,328.45",39502
2019-05-08,EQ,407.7,413.4,406.1,409.25,410.5,410.25,410.41,548.25,344.4,3893612,"1,597,990,755.55",50915
2019-05-09,EQ,411.0,411.8,407.0,410.25,409.3,409.55,409.46,548.25,344.4,3527797,"1,444,489,869.90",66114
2019-05-10,EQ,410.4,411.95,408.95,409.55,410.0,410.05,410.24,548.25,344.4,2393114,"981,755,703.00",30821
2019-05-13,EQ,409.95,409.95,395.25,410.05,402.7,402.65,402.83,548.25,344.4,3435597,"1,383,975,770.00",71524
2019-05-14,EQ,396.7,396.7,386.85,402.65,391.05,391.05,391.27,548.25,344.4,6988271,"2,734,291,125.00",183391
2019-05-15,EQ,390.55,394.8,387.45,391.05,388.05,388.3,391.12,548.25,344.4,1668299,"652,512,628.80",54988
2019-05-16,EQ,387.95,389.5,377.4,388.3,379.2,379.9,380.35,548.25,344.4,2766863,"1,052,367,662.00",88857
2019-05-17,EQ,379.75,384.0,374.25,379.9,382.4,382.55,380.28,548.25,344.4,2239697,"851,713,774.60",61785
2019-05-20,EQ,394.0,399.0,391.0,382.55,397.55,397.05,396.15,510.8,344.4,3901916,"1,545,745,090.45",63589
2019-05-21,EQ,400.0,404.0,396.05,397.05,402.65,403.2,400.66,510.8,344.4,2174571,"871,262,006.30",64266
2019-05-22,EQ,404.0,406.0,396.3,403.2,398.55,398.1,399.66,510.8,344.4,1088291,"434,941,759.40",40998
2019-05-23,EQ,405.0,411.75,400.0,398.1,405.8,406.3,406.92,510.8,344.4,3772524,"1,535,115,853.80",98985
2019-05-24,EQ,408.0,410.0,399.9,406.3,407.95,407.95,404.96,510.8,344.4,1994086,"807,534,138.55",42569
2019-05-27,EQ,409.0,423.95,406.6,407.95,422.8,422.6,417.58,510.8,344.4,4152835,"1,734,120,458.35",44681
2019-05-28,EQ,424.0,426.0,415.1,422.6,424.7,424.95,422.6,510.8,344.4,1929443,"815,389,933.75",30087
2019-05-29,EQ,425.0,426.9,416.45,424.95,425.7,425.65,423.56,510.8,344.4,2095188,"887,442,140.90",39447
2019-05-30,EQ,425.0,437.0,423.4,425.65,435.0,435.6,431.69,510.8,344.4,2306375,"995,638,515.95",37833
2019-05-31,EQ,437.0,445.0,436.05,435.6,441.4,441.65,441.6,510.8,344.4,2807954,"1,240,000,459.15",66493
2019-06-03,EQ,442.0,452.0,441.0,441.65,444.0,444.0,446.6,510.8,344.4,3134716,"1,399,978,298.55",100521
2019-06-04,EQ,442.5,445.0,435.3,444.0,444.5,442.7,440.77,510.8,344.4,1252624,"552,120,037.35",41328
2019-06-06,EQ,441.15,451.8,440.0,442.7,443.1,442.25,446.55,510.8,344.4,1596991,"713,143,236.35",48608
2019-06-07,EQ,444.95,453.0,434.75,442.25,450.9,451.4,445.95,510.8,344.4,1902550,"848,440,760.75",42114
2019-06-10,EQ,453.0,454.0,442.25,451.4,450.65,450.15,448.5,510.8,344.4,1453151,"651,735,275.65",53730
2019-06-11,EQ,450.0,450.15,444.5,450.15,445.0,445.3,445.96,510.8,344.4,895285,"399,262,231.90",42662
2019-06-12,EQ,446.0,449.4,440.1,445.3,441.3,440.95,444.33,510.8,344.4,641601,"285,080,005.65",44345
2019-06-13,EQ,444.8,453.65,440.5,440.95,453.4,452.0,448.9,510.8,344.4,1796357,"806,381,170.25",38293
2019-06-14,EQ,454.7,459.9,445.15,452.0,449.5,448.15,454.42,510.8,344.4,1478647,"671,921,750.90",35714
2019-06-17,EQ,449.5,450.95,440.1,448.15,443.0,443.35,444.33,510.8,344.4,985932,"438,081,559.65",28026
2019-06-18,EQ,443.35,445.15,440.05,443.35,441.95,441.7,442.49,510.8,344.4,913332,"404,137,458.80",35712
2019-06-19,EQ,443.0,445.2,436.1,441.7,438.55,437.15,440.78,510.8,344.4,959725,"423,026,154.45",47508
2019-06-20,EQ,436.05,442.0,429.45,437.15,438.55,440.45,435.49,510.8,344.4,881140,"383,727,081.50",32107
2019-06-21,EQ,438.1,443.9,436.15,440.45,438.15,438.15,439.91,510.8,344.4,978609,"430,499,164.50",47090
2019-06-24,EQ,438.55,442.25,435.6,438.15,440.35,440.1,438.87,510.8,344.4,479020,"210,229,553.85",27965
2019-06-25,EQ,440.1,442.2,436.0,440.1,436.65,437.5,438.72,510.8,344.4,1034858,"454,016,845.85",57162
2019-06-26,EQ,438.0,446.35,437.0,437.5,442.35,441.75,441.57,510.8,344.4,2378103,"1,050,109,479.55",69402
2019-06-27,EQ,443.9,456.85,439.05,441.75,455.6,455.15,449.21,510.8,344.4,2356422,"1,058,519,086.95",61359
2019-06-28,EQ,457.95,470.65,456.35,455.15,464.55,464.05,466.19,510.8,344.4,4027131,"1,877,411,801.00",91354
2019-07-01,EQ,471.0,478.75,467.25,464.05,468.9,469.5,473.1,510.8,344.4,2471465,"1,169,256,704.85",89464
2019-07-02,EQ,469.0,477.0,468.6,469.5,470.9,469.8,472.86,510.8,344.4,1540850,"728,606,102.30",42764
2019-07-03,EQ,471.9,484.95,470.2,469.8,479.7,479.25,478.89,510.8,344.4,2400197,"1,149,419,870.75",72367
2019-07-04,EQ,481.5,491.5,479.7,479.25,490.65,489.1,486.73,510.8,344.4,2192930,"1,067,369,013.85",90261
2019-07-05,EQ,491.2,494.9,469.2,489.1,470.0,473.75,482.65,510.8,344.4,2788311,"1,345,782,084.80",97913
2019-07-08,EQ,463.7,468.2,447.65,473.75,465.7,462.75,459.34,510.8,344.4,2834536,"1,302,023,307.95",96690
2019-07-09,EQ,465.4,465.6,453.1,462.75,456.7,455.75,458.34,510.8,344.4,2053510,"941,214,290.00",51988
2019-07-10,EQ,458.0,460.0,454.1,455.75,455.5,455.75,457.99,510.8,344.4,790156,"361,880,948.70",24187
2019-07-11,EQ,459.75,470.9,452.75,455.75,470.45,467.8,462.55,510.8,344.4,1728011,"799,290,443.60",38541
2019-07-12,EQ,471.0,485.0,469.1,467.8,480.6,481.75,479.34,510.8,344.4,2266998,"1,086,672,880.10",74982
2019-07-15,EQ,482.15,494.5,482.1,481.75,492.0,491.1,489.91,510.8,344.4,2167991,"1,062,128,960.90",58016
2019-07-16,EQ,493.4,498.45,481.7,491.1,491.8,491.05,493.81,510.8,344.4,2191685,"1,082,272,291.30",113529
2019-07-17,EQ,492.3,503.8,486.6,491.05,499.0,497.15,496.69,510.8,344.4,2760727,"1,371,238,693.00",70931
2019-07-18,EQ,498.8,510.5,497.5,497.15,504.55,503.55,504.97,510.8,344.4,3115748,"1,573,346,176.60",117941
2019-07-19,EQ,506.0,509.45,485.0,503.55,490.7,487.6,494.57,510.8,344.4,2396384,"1,185,178,220.35",71715
2019-07-22,EQ,485.85,497.8,479.05,487.6,489.45,490.65,490.46,510.8,344.4,2024584,"992,979,903.60",51912
2019-07-23,EQ,491.0,511.55,481.4,490.65,508.0,508.55,497.96,511.55,344.4,10256139,"5,107,188,289.95",161787
2019-07-24,EQ,511.9,533.0,497.0,508.55,498.85,499.55,513.57,533.0,344.4,7088915,"3,640,637,432.40",144439
2019-07-25,EQ,498.85,510.7,498.2,499.55,504.95,501.2,505.56,533.0,344.4,2630537,"1,329,887,118.65",67767
2019-07-26,EQ,504.7,508.0,495.1,501.2,498.2,499.1,500.84,533.0,344.4,1706982,"854,923,335.35",60838
2019-07-29,EQ,499.8,502.7,478.4,499.1,485.8,485.35,488.5,533.0,344.4,2481978,"1,212,444,788.60",62258
2019-07-30,EQ,487.1,491.8,475.1,485.35,484.0,483.1,485.62,533.0,344.4,2274640,"1,104,613,273.20",56641
2019-07-31,EQ,481.2,495.5,477.25,483.1,494.0,493.5,487.27,533.0,344.4,1798489,"876,345,661.55",45157
2019-08-01,EQ,493.0,502.0,481.1,493.5,491.0,487.95,489.37,533.0,344.4,2626100,"1,285,134,960.65",87359
2019-08-02,EQ,488.95,498.35,480.4,487.95,496.0,494.35,489.13,533.0,344.4,2215370,"1,083,592,975.85",81057
2019-08-05,EQ,491.5,494.5,483.3,494.35,486.55,487.15,486.61,533.0,344.4,2996132,"1,457,952,764.80",91623
2019-08-06,EQ,485.05,518.0,485.05,487.15,514.0,512.1,503.55,533.0,344.4,5029677,"2,532,671,267.10",125214
2019-08-07,EQ,517.0,524.8,511.1,512.1,518.7,518.1,518.37,533.0,344.4,4417521,"2,289,906,504.70",131292
2019-08-08,EQ,541.4,545.55,516.3,518.1,522.75,522.9,527.88,545.55,344.4,10168512,"5,367,771,649.00",260491
2019-08-09,EQ,524.3,535.4,524.3,522.9,525.95,526.75,530.84,545.55,344.4,2861762,"1,519,127,395.45",127593
2019-08-13,EQ,529.7,537.0,516.0,526.75,516.9,519.35,526.65,545.55,344.4,3543626,"1,866,238,114.25",139049
2019-08-14,EQ,487.5,540.55,481.25,519.35,515.4,517.0,501.62,545.55,344.4,31957442,"16,030,618,957.75",363863
2019-08-16,EQ,515.0,543.0,513.6,517.0,540.7,540.15,533.75,545.55,344.4,11397991,"6,083,717,279.70",248151
2019-08-19,EQ,545.7,560.0,520.0,540.15,523.9,524.55,540.24,560.0,344.4,13762429,"7,434,959,927.70",279169
2019-08-20,EQ,526.0,532.9,516.6,524.55,528.6,527.9,526.54,560.0,344.4,10083216,"5,309,173,684.85",204737
2019-08-21,EQ,530.0,539.0,525.1,527.9,533.0,530.7,533.22,560.0,344.4,6505412,"3,468,828,280.95",156422
2019-08-22,EQ,533.95,538.35,525.4,530.7,529.0,528.45,532.47,560.0,344.4,5344682,"2,845,883,918.70",131981
2019-08-23,EQ,530.0,531.8,512.75,528.45,517.4,517.2,521.28,560.0,344.4,4611285,"2,403,785,108.10",157445
2019-08-26,EQ,529.75,536.8,517.1,517.2,525.1,526.4,526.21,560.0,344.4,4813908,"2,533,106,678.05",170184
2019-08-27,EQ,535.0,569.75,534.0,526.4,557.8,555.2,552.49,569.75,344.4,94765364,"52,356,467,949.55",607935
2019-08-28,EQ,556.9,557.4,538.1,555.2,545.15,547.7,546.17,569.75,344.4,7523593,"4,109,142,543.15",166154
2019-08-29,EQ,544.25,549.75,540.0,547.7,540.55,541.7,543.85,569.75,344.4,2790568,"1,517,650,709.35",113598
2019-08-30,EQ,542.0,559.4,542.0,541.7,555.6,557.15,550.51,569.75,344.4,4299020,"2,366,663,478.50",96593
2019-09-03,EQ,551.4,556.95,535.0,557.15,535.4,536.75,543.42,569.75,344.4,4903625,"2,664,741,705.15",118803
2019-09-04,EQ,539.0,542.8,528.6,536.75,535.35,535.65,535.74,569.75,344.4,2330167,"1,248,369,269.00",90138
2019-09-05,EQ,538.8,547.4,527.0,535.65,527.95,528.5,536.07,569.75,344.4,3656775,"1,960,277,478.15",115774
2019-09-06,EQ,531.9,536.0,528.0,528.5,529.8,529.9,532.14,569.75,344.4,1641066,"873,279,531.15",50596
2019-09-09,EQ,534.0,539.75,529.3,529.9,531.7,530.9,534.41,569.75,344.4,3086676,"1,649,554,389.10",69661
2019-09-11,EQ,533.7,540.5,533.0,530.9,538.45,537.9,537.73,569.75,344.4,2505388,"1,347,210,757.25",82522
2019-09-12,EQ,539.95,545.9,536.2,537.9,536.85,537.85,541.45,569.75,344.4,1990091,"1,077,539,828.20",45065
2019-09-13,EQ,538.7,543.0,532.85,537.85,539.35,540.4,539.4,569.75,344.4,1414823,"763,162,156.40",37290
2019-09-16,EQ,537.0,540.0,533.55,540.4,537.0,537.65,537.15,569.75,344.4,1320333,"709,216,914.05",39458
2019-09-17,EQ,538.6,538.6,524.1,537.65,531.15,530.7,530.66,569.75,344.4,1952479,"1,036,097,832.80",71518
2019-09-18,EQ,533.85,540.0,533.0,530.7,539.75,539.1,537.76,569.75,344.4,1460223,"785,245,607.00",47238
2019-09-19,EQ,540.7,540.7,529.1,539.1,532.95,532.45,532.98,569.75,344.4,1092159,"582,100,017.90",29675
2019-09-20,EQ,536.0,567.0,536.0,532.45,564.1,563.85,556.37,569.75,344.4,8964556,"4,987,568,473.05",155397
2019-09-23,EQ,564.0,566.7,540.0,563.85,541.8,540.75,550.73,569.75,344.4,5216335,"2,872,795,561.15",150336
2019-09-24,EQ,541.1,554.95,540.15,540.75,552.65,551.05,546.58,569.75,344.4,2548423,"1,392,921,874.45",55017
2019-09-25,EQ,551.8,562.7,550.1,551.05,556.4,557.85,557.61,569.75,344.4,3790845,"2,113,802,816.75",60029
2019-09-26,EQ,556.9,577.0,556.4,557.85,568.7,569.3,570.7,577.0,344.4,4460160,"2,545,393,395.20",94626
2019-09-27,EQ,567.1,585.6,567.1,569.3,584.25,582.3,578.19,585.6,344.4,3937172,"2,276,452,221.35",73969
2019-09-30,EQ,585.0,609.0,585.0,582.3,600.4,601.15,599.03,609.0,344.4,5522478,"3,308,152,149.20",111452
2019-10-01,EQ,604.2,608.0,590.35,601.15,596.2,598.2,595.88,609.0,344.4,3176809,"1,893,010,681.00",46993
2019-10-03,EQ,596.3,597.85,575.5,598.2,592.0,592.9,588.89,609.0,344.4,3634620,"2,140,385,069.40",82476
2019-10-04,EQ,593.25,594.7,582.05,592.9,583.95,584.45,590.07,609.0,344.4,2889488,"1,705,009,409.95",46001
2019-10-07,EQ,584.5,584.5,572.05,584.45,575.0,575.45,576.89,609.0,344.4,3237005,"1,867,407,426.65",86738
2019-10-09,EQ,575.2,586.75,573.7,575.45,579.4,580.5,581.39,609.0,344.4,1579192,"918,131,944.25",43954
2019-10-10,EQ,577.5,589.0,575.0,580.5,583.35,583.8,582.65,609.0,344.4,1556208,"906,732,142.15",25824
2019-10-11,EQ,585.0,599.7,584.0,583.8,590.5,590.65,591.65,609.0,344.4,4147792,"2,454,032,790.25",49632
2019-10-14,EQ,586.0,589.7,580.0,590.65,582.0,582.3,585.14,609.0,344.4,1659110,"970,812,470.75",58601
2019-10-15,EQ,581.0,595.85,580.6,582.3,593.0,592.75,591.93,609.0,344.4,1429097,"845,929,342.35",35770
2019-10-16,EQ,594.8,615.85,594.0,592.75,609.9,610.6,609.38,615.85,344.4,3769552,"2,297,107,716.75",75624
2019-10-17,EQ,612.95,622.0,610.0,610.6,615.0,615.15,616.64,622.0,344.4,2893199,"1,784,076,332.55",59164
2019-10-18,EQ,615.7,616.5,607.0,615.15,607.75,608.45,610.12,622.0,344.4,1922910,"1,173,196,879.40",63890
2019-10-22,EQ,609.95,624.25,605.5,608.45,612.5,611.3,615.16,624.25,344.4,2673829,"1,644,832,492.90",61740
2019-10-23,EQ,614.8,625.9,601.0,611.3,607.0,607.85,613.15,625.9,344.4,5606504,"3,437,638,106.90",108017
2019-10-24,EQ,609.9,618.9,607.6,607.85,615.4,615.35,613.24,625.9,344.4,2865137,"1,757,018,037.35",68135
2019-10-25,EQ,617.4,619.8,608.1,615.35,610.4,610.5,612.65,625.9,344.4,1982250,"1,214,425,604.45",31056
2019-10-27,EQ,614.9,622.0,612.35,610.5,621.95,619.65,618.46,625.9,344.4,890503,"550,739,255.25",21459
2019-10-29,EQ,620.85,621.0,609.1,619.65,609.45,610.75,613.28,625.9,344.4,2288088,"1,403,242,563.25",64009
2019-10-30,EQ,581.2,643.65,581.1,610.75,635.0,632.45,618.61,643.65,344.4,27156751,"16,799,512,329.00",309362
2019-10-31,EQ,636.9,646.4,622.0,632.45,625.7,626.2,634.53,646.4,344.4,4487728,"2,847,596,584.90",87502
2019-11-01,EQ,626.0,636.0,608.1,626.2,609.6,612.7,621.59,646.4,344.4,4002384,"2,487,848,777.25",80696
2019-11-04,EQ,612.5,615.7,588.4,612.7,596.0,593.3,595.76,646.4,344.4,12053809,"7,181,139,110.85",250887
2019-11-05,EQ,596.0,602.0,580.15,593.3,582.9,583.65,588.81,646.4,344.4,6170402,"3,633,222,764.20",197045
2019-11-06,EQ,584.0,590.9,580.1,583.65,584.0,584.95,586.04,646.4,344.4,3840924,"2,250,916,438.70",104425
2019-11-07,EQ,587.9,588.75,576.15,584.95,579.75,580.15,581.14,646.4,344.4,3217588,"1,869,869,469.00",78973
2019-11-08,EQ,580.0,585.2,566.5,580.15,568.0,567.9,574.81,646.4,344.4,3630548,"2,086,871,301.30",128849
2019-11-11,EQ,569.95,584.0,565.0,567.9,570.55,571.0,575.1,646.4,344.4,3419720,"1,966,689,524.40",87578
2019-11-13,EQ,572.0,593.0,572.0,571.0,591.0,589.15,586.61,646.4,344.4,6532837,"3,832,201,939.25",135347
2019-11-14,EQ,592.5,594.9,581.5,589.15,585.25,586.35,587.8,646.4,344.4,2663642,"1,565,678,041.20",50581
2019-11-15,EQ,588.35,588.35,576.1,586.35,578.45,577.5,581.63,646.4,344.4,1959586,"1,139,754,815.10",67797
2019-11-18,EQ,574.95,574.95,567.5,577.5,570.3,570.45,570.96,646.4,344.4,3112232,"1,776,961,396.80",75267
2019-11-19,EQ,571.0,577.5,565.6,570.45,570.1,570.7,570.27,646.4,344.4,3791275,"2,162,068,232.15",74204
2019-11-20,EQ,572.0,579.5,568.5,570.7,574.55,574.7,573.18,646.4,344.4,3822519,"2,190,995,565.40",58442
2019-11-21,EQ,576.4,592.35,573.0,574.7,589.55,589.25,583.39,646.4,344.4,3752775,"2,189,315,518.15",60213
2019-11-22,EQ,591.8,593.9,581.25,589.25,585.75,586.4,587.01,646.4,344.4,2275245,"1,335,587,624.35",68411
2019-11-25,EQ,585.85,599.85,585.0,586.4,598.0,597.8,596.35,646.4,344.4,3802000,"2,267,330,000.80",85416
2019-11-26,EQ,600.0,607.75,592.0,597.8,597.0,597.6,599.46,646.4,344.4,5918113,"3,547,683,426.40",76755
2019-11-27,EQ,598.1,599.4,582.75,597.6,585.05,584.95,588.56,646.4,344.4,2154255,"1,267,914,771.95",47515
2019-11-28,EQ,588.0,588.65,575.0,584.95,576.75,576.2,579.29,646.4,344.4,2761394,"1,599,654,300.30",109947
2019-11-29,EQ,577.5,583.0,570.2,576.2,572.5,571.5,575.74,646.4,344.4,2142174,"1,233,337,888.90",73362
2019-12-02,EQ,570.0,578.85,566.0,571.5,570.6,569.4,571.08,646.4,344.4,2550584,"1,456,582,980.40",63061
2019-12-03,EQ,572.6,586.45,571.5,569.4,583.4,584.75,580.76,646.4,344.4,4622846,"2,684,744,465.85",90641
2019-12-04,EQ,584.9,588.0,577.1,584.75,582.2,583.65,582.9,646.4,344.4,2198714,"1,281,626,745.20",89572
2019-12-05,EQ,585.45,585.7,575.0,583.65,575.3,575.9,577.09,646.4,344.4,1929160,"1,113,300,527.85",71598
2019-12-06,EQ,577.75,579.2,571.25,575.9,576.55,575.0,575.0,646.4,344.4,2127676,"1,223,421,435.45",52514
2019-12-09,EQ,576.7,576.75,570.1,575.0,573.4,572.5,572.57,646.4,344.4,1591039,"910,981,879.10",44891
2019-12-10,EQ,577.15,586.5,569.05,572.5,571.0,570.5,577.55,646.4,344.4,4061646,"2,345,821,267.35",75433
2019-12-11,EQ,573.4,575.0,565.5,570.5,570.95,572.5,570.31,646.4,344.4,2289830,"1,305,917,402.40",42604
2019-12-12,EQ,576.75,585.65,571.05,572.5,584.0,582.9,578.49,646.4,344.4,2941825,"1,701,807,181.30",59947
2019-12-13,EQ,585.7,595.1,585.7,582.9,588.65,588.9,589.59,646.4,344.4,2095278,"1,235,357,426.85",47724
2019-12-16,EQ,588.5,594.9,586.6,588.9,592.6,592.1,591.26,646.4,344.4,1408707,"832,910,236.95",45452
2019-12-17,EQ,595.15,600.0,586.2,592.1,599.05,595.6,593.74,646.4,344.4,1636039,"971,374,478.65",38888
2019-12-18,EQ,599.0,604.8,588.2,595.6,601.55,601.5,598.04,646.4,344.4,3092926,"1,849,684,399.60",66597
2019-12-19,EQ,602.0,609.25,598.5,601.5,604.0,605.25,605.04,646.4,344.4,2743666,"1,660,014,086.45",56235
2019-12-20,EQ,606.0,616.0,603.0,605.25,616.0,612.7,609.67,646.4,344.4,3239394,"1,974,946,784.20",86943
2019-12-23,EQ,615.1,621.0,609.0,612.7,616.0,616.15,617.01,646.4,344.4,2325450,"1,434,826,405.00",51424
2019-12-24,EQ,618.1,627.6,613.4,616.15,624.5,625.3,621.48,646.4,344.4,2938173,"1,826,017,816.35",63620
2019-12-26,EQ,627.9,639.0,623.1,625.3,636.6,635.6,631.25,646.4,344.4,3006668,"1,897,949,284.95",58982
2019-12-27,EQ,639.0,639.0,628.55,635.6,630.05,631.4,631.79,646.4,344.4,2494965,"1,576,282,259.90",72563
2019-12-30,EQ,632.7,638.75,629.0,631.4,636.95,636.15,632.89,646.4,344.4,1799682,"1,139,002,088.40",37683
2019-12-31,EQ,637.9,646.0,620.75,636.15,622.5,626.05,634.34,646.4,344.4,2217822,"1,406,856,142.00",44539
2020-01-01,EQ,623.0,626.0,616.35,626.05,621.5,621.45,620.41,646.4,344.4,1749377,"1,085,334,201.20",69565
2020-01-02,EQ,622.7,638.8,618.4,621.45,633.0,634.25,631.51,646.4,344.4,1973981,"1,246,590,868.35",48203
2020-01-03,EQ,631.0,637.45,626.4,634.25,631.5,630.7,631.08,646.4,344.4,2401828,"1,515,752,993.65",40553
2020-01-06,EQ,627.4,627.4,611.5,630.7,619.6,619.55,621.02,646.4,344.4,4175516,"2,593,094,426.50",63567
2020-01-07,EQ,623.6,643.7,623.6,619.55,629.95,629.95,632.32,646.4,344.4,2827658,"1,787,971,492.60",46697
2020-01-08,EQ,622.0,631.8,618.5,629.95,629.3,628.85,624.34,646.4,344.4,2248332,"1,403,714,485.00",36564
2020-01-09,EQ,635.0,636.5,627.8,628.85,629.7,631.5,632.09,646.4,344.4,1338705,"846,178,374.90",41299
2020-01-10,EQ,632.4,634.0,618.75,631.5,621.6,623.1,625.21,646.4,344.4,2181852,"1,364,112,944.95",49891
2020-01-13,EQ,627.9,633.05,623.6,623.1,624.7,625.4,626.88,646.4,344.4,1161466,"728,098,837.80",58017
2020-01-14,EQ,626.5,627.0,612.75,625.4,614.2,614.25,619.68,646.4,344.4,2109229,"1,307,053,562.30",63246
2020-01-15,EQ,614.0,620.5,612.75,614.25,616.2,616.55,616.4,646.4,344.4,1621297,"999,364,140.25",55931
2020-01-16,EQ,624.0,625.0,605.8,616.55,608.9,607.5,612.36,646.4,344.4,3196222,"1,957,247,426.55",77222
2020-01-17,EQ,607.5,611.55,601.7,607.5,606.35,607.65,607.17,646.4,344.4,2313300,"1,404,564,898.70",57721
2020-01-20,EQ,611.0,612.45,597.1,607.65,598.8,598.25,602.23,646.4,344.4,1870028,"1,126,190,676.80",49916
2020-01-21,EQ,595.7,609.7,594.15,598.25,602.5,602.0,604.17,646.4,344.4,1597879,"965,398,487.05",44659
2020-01-22,EQ,604.9,616.5,602.65,602.0,613.0,612.75,611.76,646.4,344.4,2066862,"1,264,417,841.15",52811
2020-01-23,EQ,614.3,621.9,611.5,612.75,616.95,616.0,617.75,646.4,344.4,1685313,"1,041,106,398.90",40823
2020-01-24,EQ,607.9,611.25,602.8,616.0,607.1,607.25,606.56,646.4,344.4,2188192,"1,327,275,649.85",55472
2020-01-27,EQ,604.8,605.7,598.1,607.25,598.65,599.7,601.59,646.4,344.4,1531808,"921,519,780.35",40945
2020-01-28,EQ,601.0,611.9,599.0,599.7,603.25,603.75,606.96,646.4,344.4,1651481,"1,002,384,318.00",44253
2020-01-29,EQ,605.95,611.0,602.25,603.75,604.9,605.05,606.46,646.4,344.4,1324538,"803,283,908.00",48342
2020-01-30,EQ,605.9,608.55,597.15,605.05,602.0,600.45,602.98,646.4,344.4,1060111,"639,227,764.60",44703
2020-01-31,EQ,603.1,604.45,597.3,600.45,600.0,599.2,600.63,646.4,344.4,1260667,"757,190,269.55",53041
2020-02-01,EQ,598.2,609.0,537.9,599.2,571.0,562.4,571.13,646.4,344.4,7823819,"4,468,389,408.65",148031
2020-02-03,EQ,553.0,573.0,527.5,562.4,565.5,565.3,558.11,646.4,345.75,9688974,"5,407,529,581.10",173075
2020-02-04,EQ,568.0,578.45,555.55,565.3,571.0,573.1,568.02,646.4,345.75,3116053,"1,769,968,743.55",85003
2020-02-05,EQ,574.4,586.35,565.0,573.1,583.5,583.45,578.63,646.4,345.75,2739852,"1,585,362,711.90",65615
2020-02-06,EQ,587.0,598.7,587.0,583.45,593.5,593.65,593.3,646.4,345.75,2299958,"1,364,569,568.20",47448
2020-02-07,EQ,593.5,600.0,589.0,593.65,594.8,595.7,596.01,646.4,345.75,1185529,"706,581,443.25",62511
2020-02-10,EQ,596.0,598.9,584.5,595.7,585.0,588.05,591.29,646.4,345.75,1366499,"808,002,772.25",43003
2020-02-11,EQ,589.75,594.5,575.8,588.05,583.35,583.5,584.73,646.4,345.75,1545054,"903,441,357.45",43482
2020-02-12,EQ,585.6,594.7,563.6,583.5,578.9,578.35,577.0,646.4,345.75,3303107,"1,905,883,022.45",86165
2020-02-13,EQ,576.5,582.25,568.5,578.35,576.15,577.2,574.63,646.4,345.75,2107487,"1,211,029,812.80",68550
2020-02-14,EQ,578.9,581.5,572.0,577.2,572.1,573.95,577.95,646.4,345.75,2332181,"1,347,889,121.85",46702
2020-02-17,EQ,574.9,575.0,564.05,573.95,566.05,565.9,570.19,646.4,345.75,918309,"523,611,046.65",28081
2020-02-18,EQ,564.8,565.35,556.0,565.9,562.0,562.6,561.12,646.4,345.75,1231246,"690,878,771.00",74693
2020-02-19,EQ,565.9,581.85,563.0,562.6,579.15,579.1,573.42,646.4,345.75,1752251,"1,004,777,497.25",50522
2020-02-20,EQ,582.1,583.7,572.1,579.1,573.0,573.5,577.19,646.4,345.75,3708209,"2,140,335,325.20",70643
2020-02-24,EQ,572.25,578.4,556.0,573.5,561.5,560.8,566.82,646.4,346.35,1576359,"893,518,069.60",64998
2020-02-25,EQ,570.0,582.5,566.0,560.8,568.45,569.5,575.89,646.4,346.35,3582636,"2,063,204,944.70",112244
2020-02-26,EQ,565.3,571.45,555.0,569.5,556.5,557.05,563.17,646.4,346.35,2313470,"1,302,878,846.90",53757
2020-02-27,EQ,559.0,569.3,544.25,557.05,567.7,566.7,557.15,646.4,346.35,2985262,"1,663,230,211.30",68346
2020-02-28,EQ,554.0,565.0,541.25,566.7,544.25,544.1,549.9,646.4,346.35,4380818,"2,408,990,687.00",83737
2020-03-02,EQ,555.0,564.25,550.95,544.1,555.05,554.5,558.04,646.4,355.4,2299648,"1,283,304,575.85",56911
2020-03-03,EQ,560.0,573.0,559.65,554.5,564.6,563.5,566.43,646.4,355.4,2844292,"1,611,083,388.25",58873
2020-03-04,EQ,567.4,570.0,560.15,563.5,569.5,568.6,566.04,646.4,355.4,1735962,"982,626,137.05",78900
2020-03-05,EQ,572.0,572.8,556.4,568.6,564.65,564.95,562.47,646.4,355.4,3821330,"2,149,398,477.05",49260
2020-03-06,EQ,541.0,556.5,535.0,564.95,549.15,548.15,548.42,646.4,355.4,3494853,"1,916,651,896.25",64502
2020-03-09,EQ,538.0,540.3,506.2,548.15,517.65,517.65,518.21,646.4,355.4,4577812,"2,372,267,611.35",101728
2020-03-11,EQ,515.0,526.0,508.05,517.65,515.0,513.55,516.53,646.4,355.4,2971154,"1,534,687,789.45",66112
2020-03-12,EQ,495.0,498.0,453.3,513.55,485.5,472.9,477.4,646.4,355.4,4798516,"2,290,827,017.45",99309
2020-03-13,EQ,435.0,525.0,429.1,472.9,512.45,507.15,498.99,646.4,355.4,7973723,"3,978,779,132.45",132353
2020-03-16,EQ,494.0,500.4,471.0,507.15,472.0,474.2,486.01,646.4,355.4,4059856,"1,973,145,907.80",99737
2020-03-17,EQ,475.0,486.0,460.0,474.2,465.8,464.95,474.8,646.4,355.4,3292007,"1,563,057,153.15",67562
2020-03-18,EQ,465.0,470.0,410.85,464.95,419.2,419.45,435.85,646.4,355.4,4747409,"2,069,148,176.00",113680
2020-03-19,EQ,385.35,432.55,385.35,419.45,412.7,416.95,402.98,646.4,355.4,8358755,"3,368,404,916.95",143282
2020-03-20,EQ,425.1,442.0,411.3,416.95,415.9,418.1,424.27,646.4,355.4,4857481,"2,060,901,069.45",100815
2020-03-23,EQ,377.5,394.4,340.0,418.1,344.0,342.3,361.32,646.4,340.0,4439246,"1,603,987,613.15",146648
2020-03-24,EQ,362.0,409.0,345.85,342.3,393.0,391.3,383.33,646.4,340.0,5265165,"2,018,287,778.60",156464
2020-03-25,EQ,390.0,440.0,385.6,391.3,430.0,434.3,423.06,646.4,340.0,6175029,"2,612,379,055.15",135841
2020-03-26,EQ,448.0,487.0,434.0,434.3,479.7,477.45,473.12,646.4,340.0,6462243,"3,057,392,612.20",168111
2020-03-27,EQ,450.2,483.8,440.0,477.45,440.15,441.0,455.95,646.4,340.0,14440644,"6,584,173,433.95",272545
2020-03-30,EQ,432.0,443.9,407.0,441.0,409.9,412.5,422.65,646.4,340.0,7106593,"3,003,632,227.35",98929
2020-03-31,EQ,429.0,448.2,414.4,412.5,438.1,441.35,430.41,646.4,340.0,5414966,"2,330,641,830.85",87416
2020-04-01,EQ,438.1,447.4,424.05,441.35,425.75,429.9,435.61,646.4,340.0,7415298,"3,230,214,507.90",196972
2020-04-03,EQ,428.5,442.0,416.2,429.9,422.95,422.3,426.79,646.4,340.0,6997591,"2,986,476,150.15",164793
2020-04-07,EQ,436.9,476.0,433.25,422.3,470.5,470.5,458.65,646.4,340.0,6387620,"2,929,669,758.10",119275
2020-04-08,EQ,464.95,500.55,457.4,470.5,477.1,476.6,478.02,646.4,340.0,7175340,"3,429,943,816.65",279754
2020-04-09,EQ,488.9,494.4,464.15,476.6,473.0,472.25,479.13,646.4,340.0,3633341,"1,740,843,452.05",130668
2020-04-13,EQ,473.0,482.75,453.3,472.25,477.5,477.8,465.63,646.4,340.0,4143792,"1,929,488,301.55",183307
2020-04-15,EQ,481.7,488.7,468.5,477.8,471.0,471.7,479.24,646.4,340.0,3951830,"1,893,856,891.20",128054
2020-04-16,EQ,470.0,494.4,462.0,471.7,489.75,489.7,484.09,646.4,340.0,5065365,"2,452,112,773.50",90897
2020-04-17,EQ,505.0,518.95,491.5,489.7,494.5,495.5,506.16,646.4,340.0,6525356,"3,302,847,521.05",133120
2020-04-20,EQ,503.7,515.3,496.0,495.5,509.4,508.3,508.79,646.4,340.0,4164523,"2,118,884,569.05",116170
2020-04-21,EQ,496.0,502.85,488.9,508.3,494.8,496.35,497.12,646.4,340.0,2902454,"1,442,876,001.35",58023
2020-04-22,EQ,499.5,509.0,490.35,496.35,504.9,503.65,496.44,646.4,340.0,2103584,"1,044,293,810.35",54411
2020-04-23,EQ,505.0,511.9,486.3,503.65,487.85,488.5,496.7,646.4,340.0,2996670,"1,488,447,222.20",64162
2020-04-24,EQ,478.25,478.75,451.15,488.5,453.4,453.35,463.57,646.4,340.0,4402298,"2,040,753,884.80",108631
2020-04-27,EQ,459.0,491.4,459.0,453.35,486.15,484.75,481.3,646.4,340.0,5612312,"2,701,199,063.45",138387
2020-04-28,EQ,495.0,496.6,471.15,484.75,485.5,486.15,482.29,646.4,340.0,5790882,"2,792,860,214.45",154993
2020-04-29,EQ,488.0,505.2,484.75,486.15,492.6,492.85,495.54,646.4,340.0,4230744,"2,096,516,585.60",82075
2020-04-30,EQ,500.0,510.7,493.15,492.85,499.25,501.05,501.3,646.4,340.0,3751413,"1,880,601,456.45",78012
2020-05-04,EQ,489.0,489.0,472.1,501.05,479.8,478.95,479.4,646.4,340.0,2476319,"1,187,153,409.80",69450
2020-05-05,EQ,483.0,489.9,475.15,478.95,479.95,477.55,483.65,646.4,340.0,2499854,"1,209,061,484.75",50333
2020-05-06,EQ,478.0,499.0,469.45,477.55,493.9,491.0,487.82,646.4,340.0,5449872,"2,658,579,890.15",131567
2020-05-07,EQ,489.7,502.0,488.9,491.0,496.0,494.55,496.67,646.4,340.0,2443553,"1,213,633,852.10",52694
2020-05-08,EQ,499.7,527.35,499.0,494.55,521.65,520.05,515.82,646.4,340.0,9180047,"4,735,248,114.65",191573
2020-05-11,EQ,529.75,539.0,522.5,520.05,524.0,525.2,530.42,646.4,340.0,5446596,"2,888,960,762.55",163802
2020-05-12,EQ,521.45,536.6,517.3,525.2,527.65,526.8,527.4,646.4,340.0,3693398,"1,947,887,440.95",83716
2020-05-13,EQ,533.0,538.0,515.0,526.8,518.0,516.75,522.9,646.4,340.0,3652083,"1,909,683,615.15",119099
2020-05-14,EQ,515.0,523.0,491.4,516.75,496.5,495.0,503.19,646.4,340.0,4151393,"2,088,957,888.60",113301
2020-05-15,EQ,499.1,501.0,485.0,495.0,489.85,487.3,489.59,646.4,340.0,3513979,"1,720,425,066.35",94837
2020-05-18,EQ,487.3,490.9,464.0,487.3,469.9,469.35,475.48,646.4,340.0,4108281,"1,953,416,936.00",110107
2020-05-19,EQ,475.0,485.95,465.25,469.35,474.7,471.75,476.19,646.4,340.0,5129797,"2,442,736,947.35",103921
2020-05-20,EQ,474.15,482.75,472.5,471.75,481.0,479.25,478.5,646.4,340.0,3112805,"1,489,469,413.90",50335
2020-05-21,EQ,480.0,496.55,480.0,479.25,494.0,493.8,489.43,646.4,340.0,4216424,"2,063,623,956.60",82313
2020-05-22,EQ,493.0,504.7,490.3,493.8,493.7,494.75,497.33,646.4,340.0,4602359,"2,288,869,766.45",72081
2020-05-26,EQ,502.0,514.9,497.0,494.75,505.0,507.45,506.61,646.4,340.0,4215640,"2,135,682,929.25",131002
2020-05-27,EQ,506.8,510.0,495.25,507.45,498.9,503.3,503.74,646.4,340.0,1859761,"936,833,163.55",39723
2020-05-28,EQ,506.0,523.3,501.45,503.3,516.5,516.8,515.79,646.4,340.0,3346532,"1,726,113,249.95",81687
2020-05-29,EQ,516.4,540.8,511.75,516.8,516.8,523.2,524.3,646.4,340.0,27247264,"14,285,768,886.20",338402
2020-06-01,EQ,521.0,528.65,513.35,523.2,515.3,516.1,520.97,646.4,340.0,3151566,"1,641,873,954.20",59747
2020-06-02,EQ,516.0,522.25,497.0,516.1,497.95,499.7,504.83,646.4,340.0,5912196,"2,984,629,517.90",149764
2020-06-03,EQ,502.1,519.75,494.45,499.7,502.0,501.35,507.72,646.4,340.0,13733176,"6,972,558,839.70",171392
2020-06-04,EQ,521.15,524.95,512.3,501.35,517.55,517.6,517.98,646.4,340.0,11740028,"6,081,063,971.95",147402
2020-06-05,EQ,517.6,521.25,511.7,517.6,516.4,516.25,516.14,646.4,340.0,3558356,"1,836,602,787.40",60562
2020-06-08,EQ,520.0,529.8,516.25,516.25,524.15,522.05,524.17,646.4,340.0,8430264,"4,418,926,759.05",147437
2020-06-09,EQ,525.0,531.0,501.5,522.05,505.0,506.85,516.66,646.4,340.0,9173487,"4,739,576,109.80",132818
2020-06-10,EQ,507.45,507.95,499.0,506.85,502.5,501.7,503.16,646.4,340.0,3359218,"1,690,227,729.60",68990
2020-06-11,EQ,500.0,509.5,497.0,501.7,502.0,501.65,504.22,646.4,340.0,2483043,"1,252,005,694.55",48883
2020-06-12,EQ,488.0,504.15,486.25,501.65,502.5,502.3,496.58,646.4,340.0,8115192,"4,029,823,225.85",114873
2020-06-15,EQ,507.9,507.9,495.3,502.3,501.85,499.9,500.64,646.4,340.0,3620145,"1,812,384,587.00",73980
2020-06-16,EQ,505.0,510.7,497.0,499.9,507.0,505.7,505.19,646.4,340.0,3579474,"1,808,331,251.50",63423
2020-06-17,EQ,506.0,508.7,498.55,505.7,499.4,500.4,503.4,646.4,340.0,1857859,"935,246,961.75",35946
2020-06-18,EQ,500.0,517.9,498.65,500.4,515.2,515.95,512.03,646.4,340.0,4084145,"2,091,200,388.95",81383
2020-06-19,EQ,517.95,524.0,514.35,515.95,520.15,521.1,519.24,646.4,340.0,4569791,"2,372,816,669.25",72145
2020-06-22,EQ,524.95,525.8,514.55,521.1,519.45,520.4,519.47,646.4,340.0,2767223,"1,437,486,755.40",54000
2020-06-23,EQ,524.25,544.6,520.4,520.4,538.0,537.05,536.41,646.4,340.0,5813524,"3,118,459,563.65",95610
2020-06-24,EQ,542.7,545.6,523.7,537.05,527.8,527.25,534.35,646.4,340.0,3765294,"2,011,986,133.40",76908
2020-06-25,EQ,520.0,539.75,519.0,527.25,536.95,538.4,533.77,646.4,340.0,2654401,"1,416,841,120.75",60899
2020-06-26,EQ,541.4,547.45,535.0,538.4,541.6,541.9,541.61,646.4,340.0,2586687,"1,400,981,976.25",45147
2020-06-29,EQ,543.5,544.6,532.65,541.9,536.7,537.2,538.37,646.4,340.0,1691390,"910,598,635.65",47684
2020-06-30,EQ,540.5,554.45,537.0,537.2,550.1,549.0,549.4,646.4,340.0,3360063,"1,846,012,557.05",70448
2020-07-01,EQ,555.55,560.0,546.15,549.0,546.8,549.65,555.22,646.4,340.0,3419823,"1,898,770,493.60",77110
2020-07-02,EQ,549.5,552.5,545.7,549.65,548.4,547.95,548.74,646.4,340.0,1638118,"898,898,468.35",39488
2020-07-03,EQ,564.95,589.6,558.0,547.95,575.75,572.15,574.91,646.4,340.0,15663762,"9,005,195,886.20",272940
2020-07-06,EQ,581.0,591.85,576.4,572.15,585.55,584.7,584.27,646.4,340.0,4862826,"2,841,196,776.95",116324
2020-07-07,EQ,589.7,591.0,572.1,584.7,582.8,582.6,580.81,646.4,340.0,3849690,"2,235,930,772.15",108560
2020-07-08,EQ,581.5,596.9,578.0,582.6,582.95,581.95,588.76,646.4,340.0,4280870,"2,520,409,175.90",101366
2020-07-09,EQ,584.1,589.9,582.95,581.95,583.4,585.2,585.67,646.4,340.0,2441545,"1,429,935,036.70",75193
2020-07-10,EQ,586.0,600.0,585.25,585.2,592.0,592.5,593.08,646.4,340.0,3207170,"1,902,110,150.95",89121
2020-07-13,EQ,593.95,603.75,584.0,592.5,603.6,600.3,594.33,646.4,340.0,2854269,"1,696,377,685.65",69941
2020-07-14,EQ,592.5,609.0,592.5,600.3,598.9,598.45,602.65,646.4,340.0,3645884,"2,197,179,810.05",118929
2020-07-15,EQ,600.0,604.7,593.0,598.45,595.5,594.8,598.15,646.4,340.0,2310735,"1,382,165,937.30",61211
2020-07-16,EQ,594.0,603.75,589.25,594.8,600.0,599.85,598.19,646.4,340.0,1767720,"1,057,424,084.90",48767
2020-07-17,EQ,600.8,616.0,600.05,599.85,615.55,614.5,608.71,646.4,340.0,2790704,"1,698,723,637.40",47498
2020-07-20,EQ,619.7,628.2,612.3,614.5,619.5,616.45,620.84,646.4,340.0,3020897,"1,875,502,954.00",65154
2020-07-21,EQ,622.0,632.5,601.35,616.45,627.0,627.45,619.41,646.4,340.0,8306391,"5,145,071,904.40",165252
2020-07-22,EQ,627.0,627.0,605.9,627.45,610.6,609.65,611.63,646.4,340.0,5164789,"3,158,916,699.00",145858
2020-07-23,EQ,610.95,623.7,610.65,609.65,622.0,622.7,618.38,646.4,340.0,2957797,"1,829,035,117.00",69128
2020-07-24,EQ,617.0,624.9,615.5,622.7,623.0,622.4,619.91,646.4,340.0,2789581,"1,729,296,124.30",63514
2020-07-27,EQ,624.6,637.5,613.5,622.4,637.35,633.45,625.15,646.4,340.0,3344053,"2,090,542,640.25",71363
2020-07-28,EQ,636.0,647.6,633.65,633.45,639.75,640.5,640.51,647.6,340.0,4307409,"2,758,917,256.40",96390
2020-07-29,EQ,640.5,642.7,629.0,640.5,637.7,637.75,635.09,647.6,340.0,2458653,"1,561,459,221.60",73309
2020-07-30,EQ,639.95,644.9,623.95,637.75,630.05,635.1,635.04,647.6,340.0,27847477,"17,684,372,090.65",171940
2020-07-31,EQ,628.7,637.9,619.05,635.1,627.0,627.1,627.96,647.6,340.0,3775023,"2,370,582,030.45",86250
2020-08-03,EQ,624.0,624.0,600.5,627.1,603.9,603.0,607.92,647.6,340.0,3634590,"2,209,530,177.60",87587
2020-08-04,EQ,605.2,615.9,600.95,603.0,614.5,614.15,611.38,647.6,340.0,2248864,"1,374,910,432.80",58786
2020-08-05,EQ,616.45,618.15,603.3,614.15,605.05,605.0,608.74,647.6,340.0,2052017,"1,249,150,122.55",63334
2020-08-06,EQ,608.4,611.75,602.25,605.0,607.65,606.9,607.12,647.6,340.0,2596375,"1,576,311,271.90",46206
2020-08-07,EQ,607.9,613.85,605.45,606.9,607.6,606.95,609.45,647.6,340.0,1723762,"1,050,540,731.55",71761
2020-08-10,EQ,616.0,617.95,607.0,606.95,609.65,608.85,610.39,647.6,340.0,2028858,"1,238,397,423.90",94679
2020-08-11,EQ,609.85,613.9,606.1,608.85,609.9,608.75,609.45,647.6,340.0,1539726,"938,382,931.75",32479
2020-08-12,EQ,609.0,617.7,603.1,608.75,608.45,608.75,609.94,647.6,340.0,3419611,"2,085,741,786.70",74183
2020-08-13,EQ,610.0,614.0,598.0,608.75,599.6,599.75,603.4,647.6,340.0,2164504,"1,306,056,898.80",59885
2020-08-14,EQ,600.0,602.4,585.65,599.75,587.8,587.75,591.2,647.6,340.0,3151499,"1,863,154,305.35",77666
2020-08-17,EQ,591.4,594.2,585.95,587.75,590.5,589.1,590.01,647.6,340.0,1335406,"787,907,102.50",34258
2020-08-18,EQ,590.5,600.65,589.0,589.1,599.25,597.6,596.03,647.6,340.0,2225080,"1,326,204,806.45",75634
2020-08-19,EQ,600.0,607.95,598.95,597.6,604.25,603.45,603.76,647.6,340.0,2345111,"1,415,880,567.60",50200
2020-08-20,EQ,599.0,600.0,590.1,603.45,596.25,595.05,595.0,647.6,340.0,1490688,"886,954,660.60",59347
2020-08-21,EQ,599.2,608.9,596.15,595.05,599.3,598.1,602.92,647.6,340.0,2009373,"1,211,493,529.80",43447
2020-08-24,EQ,599.8,605.45,597.05,598.1,599.5,598.75,601.82,647.6,340.0,1893436,"1,139,515,563.30",52600
2020-08-25,EQ,599.0,603.6,593.0,598.75,600.0,599.8,598.21,647.6,340.0,1803138,"1,078,650,723.55",57964
2020-08-26,EQ,603.0,603.0,588.65,599.8,592.95,592.05,591.56,647.6,340.0,2950984,"1,745,697,111.35",74204
2020-08-27,EQ,594.2,600.0,591.15,592.05,596.8,596.05,595.16,647.6,340.0,2947749,"1,754,374,392.40",54207
2020-08-28,EQ,600.0,603.5,588.15,596.05,589.15,589.35,593.42,647.6,340.0,3638732,"2,159,310,074.60",119585
2020-08-31,EQ,594.75,594.75,567.05,589.35,573.8,574.8,579.26,647.6,340.0,3755093,"2,175,173,387.35",110002
2020-09-01,EQ,581.5,586.0,570.75,574.8,582.7,579.3,579.34,647.6,340.0,3407303,"1,973,983,627.90",66262
2020-09-02,EQ,581.4,590.0,576.8,579.3,581.05,580.85,583.55,647.6,340.0,2502182,"1,460,139,632.65",57005
2020-09-03,EQ,583.7,589.0,579.25,580.85,582.5,582.2,584.56,647.6,340.0,1896035,"1,108,349,884.65",71352
2020-09-04,EQ,570.0,581.0,569.05,582.2,576.8,574.65,575.59,647.6,340.0,2618812,"1,507,368,023.05",67746
